CustomerID,Recencia,Frecuencia,Monetario,R,F,M,Segmento,Nombre_Segmento
1000,276,1,24956.47,3,1,4,314,Regular
1005,247,1,12349.56,3,1,3,313,Regular
1012,117,1,6882.25,4,1,2,412,Nuevo
1016,216,1,23358.77,3,1,4,314,Regular
1019,331,1,31958.39,3,1,4,314,Regular
1020,169,1,11508.34,3,1,3,313,Regular
1037,532,1,29163.29,1,1,4,114,Perdido
1038,317,2,13105.82,3,4,3,343,Regular
1040,67,1,3342.287,4,1,1,411,Nuevo
1047,668,1,16548.74,1,1,3,113,Perdido
1049,45,1,13305.266,4,1,3,413,Nuevo
1050,34,1,4060.667,4,1,2,412,Nuevo
1058,652,1,800.69,1,1,1,111,Perdido
1060,595,1,24420.48,1,1,4,114,Perdido
1061,373,1,34165.72900000001,2,1,4,214,Perdido
1062,171,2,36679.448,3,4,4,344,Regular
1064,172,1,172.75,3,1,1,311,Regular
1073,80,1,884.884,4,1,1,411,Nuevo
1078,309,1,3243.71,3,1,1,311,Regular
1084,308,1,922.62,3,1,1,311,Regular
1085,104,1,14037.26,4,1,3,413,Nuevo
1094,403,1,1597.791,2,1,1,211,Perdido
1098,563,1,4953.23,1,1,2,112,Perdido
1105,65,1,1318.317,4,1,1,411,Nuevo
1106,11,1,8168.823,4,1,2,412,Nuevo
1109,552,1,21546.11,1,1,4,114,Perdido
1111,150,1,1584.0,4,1,1,411,Nuevo
1112,267,1,33263.56,3,1,4,314,Regular
1113,73,1,24304.553000000004,4,1,4,414,Nuevo
1129,45,1,17010.305,4,1,3,413,Nuevo
1130,255,2,19543.35,3,4,3,343,Regular
1135,124,1,9076.48,4,1,2,412,Nuevo
1149,642,1,15866.32,1,1,3,113,Perdido
1152,567,1,1793.86,1,1,1,111,Perdido
1160,532,1,23018.52,1,1,4,114,Perdido
1164,609,1,9773.84,1,1,3,113,Perdido
1171,656,1,1834.49,1,1,1,111,Perdido
1176,437,1,28647.112000000005,2,1,4,214,Perdido
1178,562,1,13665.96,1,1,3,113,Perdido
1181,194,1,34203.87,3,1,4,314,Regular
1182,384,1,26861.874,2,1,4,214,Perdido
1184,109,2,22845.32,4,4,4,444,VIP
1191,49,1,43634.11,4,1,4,414,Nuevo
1205,515,1,31469.47,2,1,4,214,Perdido
1209,214,1,18723.47,3,1,3,313,Regular
1211,316,1,16127.65,3,1,3,313,Regular
1233,11,1,17497.428,4,1,3,413,Nuevo
1238,242,1,19106.77,3,1,3,313,Regular
1241,686,1,686.97,1,1,1,111,Perdido
1248,122,2,12291.247000000001,4,4,3,443,VIP
1252,12,1,32973.863,4,1,4,414,Nuevo
1254,497,1,6084.02,2,1,2,212,Perdido
1256,120,2,26838.300000000003,4,4,4,444,VIP
1267,56,1,783.25,4,1,1,411,Nuevo
1268,527,1,636.26,1,1,1,111,Perdido
1281,340,1,18734.18,2,1,3,213,Perdido
1282,400,1,14630.928,2,1,3,213,Perdido
1284,293,1,16760.93,3,1,3,313,Regular
1285,270,1,11880.47,3,1,3,313,Regular
1289,102,1,7920.19,4,1,2,412,Nuevo
1302,602,1,6035.77,1,1,2,112,Perdido
1304,264,1,1397.81,3,1,1,311,Regular
1305,23,2,997.961,4,4,1,441,Regular
1318,234,1,2929.03,3,1,1,311,Regular
1319,613,1,5783.72,1,1,2,112,Perdido
1325,148,1,33475.34,4,1,4,414,Nuevo
1339,531,1,271.94,1,1,1,111,Perdido
1343,414,1,8552.024,2,1,2,212,Perdido
1347,442,1,31811.611,2,1,4,214,Perdido
1357,154,1,4934.6,4,1,2,412,Nuevo
1362,480,1,3162.75,2,1,1,211,Perdido
1366,219,1,28483.62,3,1,4,314,Regular
1370,661,1,5588.13,1,1,2,112,Perdido
1371,611,1,458.38,1,1,1,111,Perdido
1375,145,3,60181.88,4,4,4,444,VIP
1377,526,1,35332.46,1,1,4,114,Perdido
1378,481,1,26122.0,2,1,4,214,Perdido
1386,449,1,1558.8950000000002,2,1,1,211,Perdido
1394,390,1,21722.298,2,1,4,214,Perdido
1398,62,1,24460.488,4,1,4,414,Nuevo
1400,683,1,31546.74,1,1,4,114,Perdido
1402,406,1,19425.523,2,1,3,213,Perdido
1413,564,1,12097.32,1,1,3,113,Perdido
1414,643,1,2270.12,1,1,1,111,Perdido
1418,213,1,955.43,3,1,1,311,Regular
1425,368,2,32996.002,2,4,4,244,En riesgo
1426,423,1,4019.054,2,1,2,212,Perdido
1429,15,1,21889.933,4,1,4,414,Nuevo
1442,580,1,4442.17,1,1,2,112,Perdido
1443,50,2,52848.015,4,4,4,444,VIP
1445,363,1,1743.68,2,1,1,211,Perdido
1449,541,1,5909.84,1,1,2,112,Perdido
1454,209,1,2937.45,3,1,1,311,Regular
1455,707,1,17276.86,1,1,3,113,Perdido
1458,702,1,3047.17,1,1,1,111,Perdido
1468,256,1,11367.51,3,1,3,313,Regular
1470,700,1,19084.8,1,1,3,113,Perdido
1472,686,1,904.22,1,1,1,111,Perdido
1473,72,1,2760.836,4,1,1,411,Nuevo
1497,601,1,16047.03,1,1,3,113,Perdido
1500,461,1,6002.16,2,1,2,212,Perdido
1510,384,1,1714.336,2,1,1,211,Perdido
1511,23,1,5845.7880000000005,4,1,2,412,Nuevo
1514,3,1,14716.260000000002,4,1,3,413,Nuevo
1518,298,1,7853.9,3,1,2,312,Regular
1521,67,1,38758.109,4,1,4,414,Nuevo
1522,554,1,23393.47,1,1,4,114,Perdido
1526,387,1,31124.457,2,1,4,214,Perdido
1527,60,2,32361.626,4,4,4,444,VIP
1533,396,1,21169.382,2,1,4,214,Perdido
1539,624,1,7702.19,1,1,2,112,Perdido
1541,63,1,31677.841,4,1,4,414,Nuevo
1551,563,2,35408.41,1,4,4,144,En riesgo
1566,12,1,534.066,4,1,1,411,Nuevo
1569,633,1,3088.05,1,1,1,111,Perdido
1578,509,1,8183.13,2,1,2,212,Perdido
1590,357,1,116.04,2,1,1,211,Perdido
1594,227,2,42978.490000000005,3,4,4,344,Regular
1600,610,1,5145.95,1,1,2,112,Perdido
1605,77,1,36928.047,4,1,4,414,Nuevo
1608,403,1,3173.898,2,1,1,211,Perdido
1615,18,1,14038.908,4,1,3,413,Nuevo
1617,507,1,29761.23,2,1,4,214,Perdido
1622,289,1,748.23,3,1,1,311,Regular
1625,302,1,14990.43,3,1,3,313,Regular
1629,289,1,24936.91,3,1,4,314,Regular
1648,43,1,6424.379,4,1,2,412,Nuevo
1653,186,2,3099.32,3,4,1,341,Regular
1660,219,1,633.44,3,1,1,311,Regular
1662,598,1,21119.42,1,1,4,114,Perdido
1663,406,1,772.9670000000001,2,1,1,211,Perdido
1666,5,1,12825.423,4,1,3,413,Nuevo
1675,279,1,18324.72,3,1,3,313,Regular
1677,702,1,13763.16,1,1,3,113,Perdido
1682,398,1,20315.503,2,1,4,214,Perdido
1684,362,1,21142.72,2,1,4,214,Perdido
1689,244,1,2160.6,3,1,1,311,Regular
1700,392,3,20262.844,2,4,4,244,En riesgo
1703,87,2,4591.83,4,4,2,442,Regular
1710,658,1,15540.16,1,1,3,113,Perdido
1712,148,1,44812.46,4,1,4,414,Nuevo
1713,310,1,1788.18,3,1,1,311,Regular
1722,307,1,12929.97,3,1,3,313,Regular
1723,59,2,31085.122,4,4,4,444,VIP
1726,532,1,21647.32,1,1,4,114,Perdido
1737,383,1,1472.9,2,1,1,211,Perdido
1740,293,1,9916.36,3,1,3,313,Regular
1750,218,1,3651.75,3,1,1,311,Regular
1751,7,1,12512.292,4,1,3,413,Nuevo
1753,59,2,30428.933999999997,4,4,4,444,VIP
1758,374,1,25176.58,2,1,4,214,Perdido
1764,343,1,20483.75,2,1,4,214,Perdido
1769,450,1,3379.012,2,1,1,211,Perdido
1770,314,1,6020.75,3,1,2,312,Regular
1774,325,1,20749.58,3,1,4,314,Regular
1777,322,1,2326.76,3,1,1,311,Regular
1782,312,1,2764.59,3,1,1,311,Regular
1783,536,1,11941.09,1,1,3,113,Perdido
1785,397,1,13056.459,2,1,3,213,Perdido
1788,107,1,4687.62,4,1,2,412,Nuevo
1800,718,1,22433.95,1,1,4,114,Perdido
1813,66,1,2696.967,4,1,1,411,Nuevo
1827,37,1,3133.5200000000004,4,1,1,411,Nuevo
1848,331,1,3051.18,3,1,1,311,Regular
1861,457,1,43290.741,2,1,4,214,Perdido
1863,508,1,662.22,2,1,1,211,Perdido
1868,617,1,10442.55,1,1,3,113,Perdido
1903,660,1,32242.18,1,1,4,114,Perdido
1914,435,1,45031.129,2,1,4,214,Perdido
1923,127,1,8396.47,4,1,2,412,Nuevo
1926,620,1,8171.76,1,1,2,112,Perdido
1930,170,1,3586.48,3,1,1,311,Regular
1932,490,1,4079.74,2,1,2,212,Perdido
1933,302,1,7744.05,3,1,2,312,Regular
1934,669,1,276.41,1,1,1,111,Perdido
1937,202,1,5051.06,3,1,2,312,Regular
1938,388,1,2142.3740000000003,2,1,1,211,Perdido
1944,166,1,6318.13,3,1,2,312,Regular
1949,403,1,25375.48,2,1,4,214,Perdido
1950,711,1,5720.25,1,1,2,112,Perdido
1951,622,1,3545.52,1,1,1,111,Perdido
1952,325,1,11667.22,3,1,3,313,Regular
1954,729,1,5512.48,1,1,2,112,Perdido
1958,640,1,1167.03,1,1,1,111,Perdido
1968,297,2,31646.55,3,4,4,344,Regular
1982,79,1,38564.526000000005,4,1,4,414,Nuevo
1987,121,2,5669.49,4,4,2,442,Regular
1989,292,1,26829.43,3,1,4,314,Regular
1990,272,1,971.72,3,1,1,311,Regular
1991,652,1,12194.22,1,1,3,113,Perdido
1998,31,1,16345.095,4,1,3,413,Nuevo
2000,662,1,16713.1,1,1,3,113,Perdido
2002,240,1,5469.7,3,1,2,312,Regular
2003,397,1,4999.241,2,1,2,212,Perdido
2004,456,1,30502.459000000003,2,1,4,214,Perdido
2005,274,1,5575.59,3,1,2,312,Regular
2007,456,1,7124.585,2,1,2,212,Perdido
2010,30,1,20466.836,4,1,4,414,Nuevo
2017,5,1,1092.611,4,1,1,411,Nuevo
2024,308,1,19620.78,3,1,3,313,Regular
2025,367,1,16247.023,2,1,3,213,Perdido
2028,252,1,12899.11,3,1,3,313,Regular
2037,240,1,11843.99,3,1,3,313,Regular
2038,167,1,20378.99,3,1,4,314,Regular
2042,316,1,9213.98,3,1,2,312,Regular
2046,13,1,24159.499,4,1,4,414,Nuevo
2057,130,1,11460.1,4,1,3,413,Nuevo
2074,309,1,7505.56,3,1,2,312,Regular
2076,511,1,3209.49,2,1,1,211,Perdido
2083,220,1,6052.36,3,1,2,312,Regular
2085,61,1,5731.258,4,1,2,412,Nuevo
2089,51,2,42198.829000000005,4,4,4,444,VIP
2099,428,1,20527.598,2,1,4,214,Perdido
2102,193,1,2905.73,3,1,1,311,Regular
2104,460,2,20832.5,2,4,4,244,En riesgo
2119,77,1,1145.651,4,1,1,411,Nuevo
2120,310,1,801.47,3,1,1,311,Regular
2129,731,1,13759.33,1,1,3,113,Perdido
2130,405,1,38935.455,2,1,4,214,Perdido
2139,652,1,6309.53,1,1,2,112,Perdido
2143,342,1,28086.52,2,1,4,214,Perdido
2148,394,1,1669.876,2,1,1,211,Perdido
2149,558,1,2024.49,1,1,1,111,Perdido
2150,483,1,2699.47,2,1,1,211,Perdido
2154,511,1,11845.09,2,1,3,213,Perdido
2156,464,1,9667.14,2,1,2,212,Perdido
2161,141,1,16017.86,4,1,3,413,Nuevo
2165,56,1,4540.536,4,1,2,412,Nuevo
2176,309,1,6935.82,3,1,2,312,Regular
2178,297,2,13593.48,3,4,3,343,Regular
2184,271,2,35258.61,3,4,4,344,Regular
2191,710,1,26596.04,1,1,4,114,Perdido
2195,445,1,18228.418,2,1,3,213,Perdido
2196,399,1,21197.813,2,1,4,214,Perdido
2203,219,1,8149.04,3,1,2,312,Regular
2210,48,2,39696.107,4,4,4,444,VIP
2212,640,1,13312.11,1,1,3,113,Perdido
2213,187,1,36708.02,3,1,4,314,Regular
2222,176,1,27012.01,3,1,4,314,Regular
2223,383,1,4795.076,2,1,2,212,Perdido
2226,710,1,874.37,1,1,1,111,Perdido
2234,177,1,15666.14,3,1,3,313,Regular
2235,531,1,10714.84,1,1,3,113,Perdido
2236,91,1,5435.898,4,1,2,412,Nuevo
2238,330,1,2365.72,3,1,1,311,Regular
2239,570,1,406.93,1,1,1,111,Perdido
2242,390,1,11712.168,2,1,3,213,Perdido
2248,669,1,27936.14,1,1,4,114,Perdido
2250,62,1,30325.945000000003,4,1,4,414,Nuevo
2269,216,1,6836.12,3,1,2,312,Regular
2270,80,1,17365.712,4,1,3,413,Nuevo
2275,473,1,26770.34,2,1,4,214,Perdido
2284,18,1,5391.568,4,1,2,412,Nuevo
2292,335,2,21565.409999999996,2,4,4,244,En riesgo
2293,27,1,17400.136,4,1,3,413,Nuevo
2299,534,1,1741.82,1,1,1,111,Perdido
2300,201,1,5782.23,3,1,2,312,Regular
2308,40,1,277.03000000000003,4,1,1,411,Nuevo
2310,571,1,3867.62,1,1,2,112,Perdido
2315,194,1,22354.86,3,1,4,314,Regular
2317,23,1,12377.859,4,1,3,413,Nuevo
2320,49,1,2012.725,4,1,1,411,Nuevo
2327,188,1,3093.04,3,1,1,311,Regular
2332,125,1,21740.79,4,1,4,414,Nuevo
2343,114,1,2353.1,4,1,1,411,Nuevo
2345,524,1,410.52,2,1,1,211,Perdido
2354,139,1,18808.65,4,1,3,413,Nuevo
2359,158,1,19137.61,4,1,3,413,Nuevo
2361,436,2,2122.1980000000003,2,4,1,241,Regular
2364,612,1,1250.32,1,1,1,111,Perdido
2368,215,1,16918.72,3,1,3,313,Regular
2373,613,1,6384.52,1,1,2,112,Perdido
2374,214,2,12746.59,3,4,3,343,Regular
2376,105,2,47198.14,4,4,4,444,VIP
2381,648,1,28301.0,1,1,4,114,Perdido
2401,534,1,4174.5,1,1,2,112,Perdido
2416,174,1,9805.26,3,1,3,313,Regular
2421,180,1,4032.15,3,1,2,312,Regular
2425,174,2,4621.17,3,4,2,342,Regular
2436,221,2,34541.78,3,4,4,344,Regular
2438,182,1,2708.35,3,1,1,311,Regular
2442,278,1,4015.68,3,1,2,312,Regular
2445,281,1,4679.53,3,1,2,312,Regular
2465,153,1,15660.03,4,1,3,413,Nuevo
2466,34,1,6389.513000000001,4,1,2,412,Nuevo
2468,200,1,19381.19,3,1,3,313,Regular
2473,238,1,12465.48,3,1,3,313,Regular
2476,571,1,7345.43,1,1,2,112,Perdido
2486,69,1,453.115,4,1,1,411,Nuevo
2494,81,1,15880.93,4,1,3,413,Nuevo
2496,120,1,27393.44,4,1,4,414,Nuevo
2499,693,1,5698.54,1,1,2,112,Perdido
2501,179,1,26802.36,3,1,4,314,Regular
2505,465,1,5096.73,2,1,2,212,Perdido
2513,115,1,919.98,4,1,1,411,Nuevo
2523,18,1,21144.695,4,1,4,414,Nuevo
2528,679,1,4023.28,1,1,2,112,Perdido
2532,84,1,37073.361,4,1,4,414,Nuevo
2540,81,1,207.636,4,1,1,411,Nuevo
2542,118,1,5481.47,4,1,2,412,Nuevo
2543,303,1,3660.03,3,1,1,311,Regular
2545,668,1,10970.25,1,1,3,113,Perdido
2549,263,1,19560.64,3,1,3,313,Regular
2550,685,1,6976.05,1,1,2,112,Perdido
2558,460,1,7803.12,2,1,2,212,Perdido
2561,364,3,46670.11,2,4,4,244,En riesgo
2566,511,1,1909.32,2,1,1,211,Perdido
2593,465,1,9577.72,2,1,2,212,Perdido
2594,300,1,10104.96,3,1,3,313,Regular
2602,727,1,7723.64,1,1,2,112,Perdido
2607,14,2,9069.957,4,4,2,442,Regular
2617,401,2,20091.576,2,4,4,244,En riesgo
2621,594,1,21287.45,1,1,4,114,Perdido
2622,427,1,1126.307,2,1,1,211,Perdido
2623,545,1,11768.48,1,1,3,113,Perdido
2629,297,1,1331.39,3,1,1,311,Regular
2630,225,1,474.32,3,1,1,311,Regular
2634,1,1,3955.016000000001,4,1,2,412,Nuevo
2637,194,1,28558.44,3,1,4,314,Regular
2639,717,1,2368.49,1,1,1,111,Perdido
2643,254,1,13596.6,3,1,3,313,Regular
2649,658,1,2466.49,1,1,1,111,Perdido
2653,162,2,47969.21000000001,3,4,4,344,Regular
2663,351,1,3842.49,2,1,2,212,Perdido
2665,203,1,2865.66,3,1,1,311,Regular
2677,151,1,2710.66,4,1,1,411,Nuevo
2682,359,1,3438.12,2,1,1,211,Perdido
2686,442,1,3568.162,2,1,1,211,Perdido
2688,250,1,47936.45,3,1,4,314,Regular
2693,272,1,30126.28,3,1,4,314,Regular
2695,35,1,2766.985,4,1,1,411,Nuevo
2697,203,1,8056.61,3,1,2,312,Regular
2699,415,1,11720.722000000002,2,1,3,213,Perdido
2701,336,1,21122.67,2,1,4,214,Perdido
2707,435,1,1627.795,2,1,1,211,Perdido
2714,535,1,4948.71,1,1,2,112,Perdido
2716,389,1,2902.6140000000005,2,1,1,211,Perdido
2718,700,1,20900.16,1,1,4,114,Perdido
2725,62,1,4800.289000000001,4,1,2,412,Nuevo
2735,140,1,7386.84,4,1,2,412,Nuevo
2736,198,1,4647.72,3,1,2,312,Regular
2767,298,1,14871.45,3,1,3,313,Regular
2769,299,1,13270.13,3,1,3,313,Regular
2772,710,1,2141.66,1,1,1,111,Perdido
2783,309,1,23078.99,3,1,4,314,Regular
2785,712,1,952.73,1,1,1,111,Perdido
2787,653,1,12903.67,1,1,3,113,Perdido
2790,162,1,4854.61,3,1,2,312,Regular
2795,464,1,3947.12,2,1,2,212,Perdido
2798,163,1,24560.06,3,1,4,314,Regular
2803,49,1,51648.012,4,1,4,414,Nuevo
2811,217,1,9366.41,3,1,2,312,Regular
2820,516,1,3323.18,2,1,1,211,Perdido
2824,324,1,8872.66,3,1,2,312,Regular
2825,682,1,2885.7,1,1,1,111,Perdido
2840,241,1,16687.65,3,1,3,313,Regular
2842,602,1,6351.23,1,1,2,112,Perdido
2844,183,1,10118.46,3,1,3,313,Regular
2852,326,1,10362.91,3,1,3,313,Regular
2853,620,1,19196.06,1,1,3,113,Perdido
2858,114,2,69950.976,4,4,4,444,VIP
2865,34,1,1052.779,4,1,1,411,Nuevo
2868,383,1,5501.898999999999,2,1,2,212,Perdido
2871,71,1,5692.752,4,1,2,412,Nuevo
2874,627,1,28002.14,1,1,4,114,Perdido
2876,233,1,23610.02,3,1,4,314,Regular
2878,249,1,615.69,3,1,1,311,Regular
2887,454,1,26172.848,2,1,4,214,Perdido
2890,703,1,6190.45,1,1,2,112,Perdido
2895,77,1,8444.462,4,1,2,412,Nuevo
2896,8,2,29602.705,4,4,4,444,VIP
2897,525,1,4188.0,2,1,2,212,Perdido
2904,705,1,11036.45,1,1,3,113,Perdido
2906,112,1,11168.3,4,1,3,413,Nuevo
2908,538,2,30119.170000000002,1,4,4,144,En riesgo
2918,268,1,2977.39,3,1,1,311,Regular
2920,205,1,12810.84,3,1,3,313,Regular
2932,455,1,8845.551000000001,2,1,2,212,Perdido
2934,69,1,26806.845,4,1,4,414,Nuevo
2941,521,1,15314.52,2,1,3,213,Perdido
2946,239,3,58365.777,3,4,4,344,Regular
2952,473,1,20382.95,2,1,4,214,Perdido
2964,284,1,23023.68,3,1,4,314,Regular
2965,139,2,17379.559999999998,4,4,3,443,VIP
2967,96,2,10899.536,4,4,3,443,VIP
2971,582,1,12072.94,1,1,3,113,Perdido
2976,667,1,582.09,1,1,1,111,Perdido
2979,429,1,18616.598,2,1,3,213,Perdido
2982,462,1,4520.31,2,1,2,212,Perdido
2983,716,1,2383.56,1,1,1,111,Perdido
2984,458,1,36487.373,2,1,4,214,Perdido
2986,640,1,10354.83,1,1,3,113,Perdido
2987,283,1,616.55,3,1,1,311,Regular
2989,702,1,16952.5,1,1,3,113,Perdido
2995,103,1,32747.71,4,1,4,414,Nuevo
2996,272,1,9508.46,3,1,2,312,Regular
2999,665,1,5574.1,1,1,2,112,Perdido
3011,654,1,29211.54,1,1,4,114,Perdido
3021,558,1,12448.14,1,1,3,113,Perdido
3025,29,3,43681.405,4,4,4,444,VIP
3035,536,1,1416.58,1,1,1,111,Perdido
3039,644,1,16123.83,1,1,3,113,Perdido
3042,561,1,14085.72,1,1,3,113,Perdido
3046,488,1,4033.28,2,1,2,212,Perdido
3054,705,1,23537.19,1,1,4,114,Perdido
3056,383,2,38822.547000000006,2,4,4,244,En riesgo
3059,350,1,1205.77,2,1,1,211,Perdido
3063,495,1,5217.45,2,1,2,212,Perdido
3064,505,1,16751.68,2,1,3,213,Perdido
3067,122,1,1859.56,4,1,1,411,Nuevo
3069,496,1,9537.82,2,1,2,212,Perdido
3073,92,1,40034.813,4,1,4,414,Nuevo
3076,716,1,29688.13,1,1,4,114,Perdido
3078,478,1,31497.48,2,1,4,214,Perdido
3086,317,1,3095.04,3,1,1,311,Regular
3087,712,1,21394.91,1,1,4,114,Perdido
3089,713,1,51.22,1,1,1,111,Perdido
3093,695,1,18170.05,1,1,3,113,Perdido
3099,372,1,16152.305,2,1,3,213,Perdido
3118,233,1,14161.64,3,1,3,313,Regular
3121,98,2,3014.49,4,4,1,441,Regular
3122,312,1,11812.33,3,1,3,313,Regular
3124,62,1,4796.025000000001,4,1,2,412,Nuevo
3132,228,1,653.4,3,1,1,311,Regular
3137,300,1,166.99,3,1,1,311,Regular
3144,321,1,2733.24,3,1,1,311,Regular
3154,113,1,8903.9,4,1,2,412,Nuevo
3160,457,1,2547.025,2,1,1,211,Perdido
3163,276,1,4751.06,3,1,2,312,Regular
3164,134,1,11350.86,4,1,3,413,Nuevo
3175,424,1,12058.54,2,1,3,213,Perdido
3183,353,1,4295.42,2,1,2,212,Perdido
3197,511,1,23188.49,2,1,4,214,Perdido
3211,139,1,24231.96,4,1,4,414,Nuevo
3216,86,1,22605.466,4,1,4,414,Nuevo
3217,104,1,11540.68,4,1,3,413,Nuevo
3233,382,1,16737.760000000002,2,1,3,213,Perdido
3234,164,1,4542.92,3,1,2,312,Regular
3241,299,1,22640.86,3,1,4,314,Regular
3256,4,2,49493.627,4,4,4,444,VIP
3258,424,1,2382.354,2,1,1,211,Perdido
3271,415,2,32266.391000000003,2,4,4,244,En riesgo
3282,114,1,1141.02,4,1,1,411,Nuevo
3285,80,2,41941.915,4,4,4,444,VIP
3288,673,1,16966.18,1,1,3,113,Perdido
3291,688,1,3114.8,1,1,1,111,Perdido
3296,648,1,457.38,1,1,1,111,Perdido
3298,634,1,9055.56,1,1,2,112,Perdido
3304,238,1,9348.02,3,1,2,312,Regular
3314,148,1,27198.79,4,1,4,414,Nuevo
3317,567,1,19903.76,1,1,3,113,Perdido
3335,526,1,15134.15,1,1,3,113,Perdido
3339,692,1,18761.88,1,1,3,113,Perdido
3348,727,1,378.56,1,1,1,111,Perdido
3358,461,1,933.53,2,1,1,211,Perdido
3360,144,1,2274.0,4,1,1,411,Nuevo
3364,206,2,20876.63,3,4,4,344,Regular
3365,703,1,17251.41,1,1,3,113,Perdido
3366,130,1,4169.49,4,1,2,412,Nuevo
3371,464,1,1696.38,2,1,1,211,Perdido
3372,460,2,5921.23,2,4,2,242,Regular
3379,57,2,53278.524000000005,4,4,4,444,VIP
3390,218,1,1716.24,3,1,1,311,Regular
3391,176,1,7875.03,3,1,2,312,Regular
3394,44,1,1355.7700000000002,4,1,1,411,Nuevo
3407,19,1,2589.067,4,1,1,411,Nuevo
3410,712,1,525.45,1,1,1,111,Perdido
3415,274,2,10065.54,3,4,3,343,Regular
3416,672,1,19139.05,1,1,3,113,Perdido
3418,351,1,763.56,2,1,1,211,Perdido
3426,319,1,1695.33,3,1,1,311,Regular
3427,510,1,19534.1,2,1,3,213,Perdido
3432,712,1,8198.05,1,1,2,112,Perdido
3436,496,1,3566.4,2,1,1,211,Perdido
3438,505,1,7289.37,2,1,2,212,Perdido
3439,384,1,4685.5380000000005,2,1,2,212,Perdido
3446,692,1,14521.66,1,1,3,113,Perdido
3452,642,1,12295.9,1,1,3,113,Perdido
3478,482,1,15409.83,2,1,3,213,Perdido
3481,427,1,35678.266,2,1,4,214,Perdido
3482,484,1,3353.19,2,1,1,211,Perdido
3487,541,1,5730.64,1,1,2,112,Perdido
3493,17,1,4654.871,4,1,2,412,Nuevo
3499,721,1,23191.48,1,1,4,114,Perdido
3500,127,1,807.2,4,1,1,411,Nuevo
3502,603,1,2527.05,1,1,1,111,Perdido
3504,387,1,4078.1390000000006,2,1,2,212,Perdido
3522,12,1,31568.303000000004,4,1,4,414,Nuevo
3526,378,1,1435.876,2,1,1,211,Perdido
3530,337,1,172.37,2,1,1,211,Perdido
3531,280,1,35393.85,3,1,4,314,Regular
3538,672,1,3000.51,1,1,1,111,Perdido
3543,625,1,27935.89,1,1,4,114,Perdido
3551,347,2,9940.4,2,4,3,243,En riesgo
3553,128,1,2797.24,4,1,1,411,Nuevo
3555,524,2,22141.87,2,4,4,244,En riesgo
3556,434,1,32986.772,2,1,4,214,Perdido
3560,31,1,7962.188,4,1,2,412,Nuevo
3562,127,1,1752.87,4,1,1,411,Nuevo
3567,600,1,12090.1,1,1,3,113,Perdido
3568,397,1,35484.319,2,1,4,214,Perdido
3581,152,1,4245.15,4,1,2,412,Nuevo
3584,462,1,3011.14,2,1,1,211,Perdido
3589,509,1,11042.94,2,1,3,213,Perdido
3596,613,1,11654.81,1,2,3,123,Perdido
3600,457,1,18163.548,2,2,3,223,Perdido
3603,435,1,5414.708,2,2,2,222,Perdido
3607,338,1,6453.15,2,2,2,222,Perdido
3612,306,2,10709.65,3,4,3,343,Regular
3614,419,1,3673.15,2,2,1,221,Perdido
3629,315,1,5768.68,3,2,2,322,Regular
3630,403,1,41841.215,2,2,4,224,Perdido
3634,101,1,7416.29,4,2,2,422,Regular
3636,510,1,3110.35,2,2,1,221,Perdido
3637,545,1,19447.6,1,2,3,123,Perdido
3648,141,1,31403.04,4,2,4,424,Regular
3651,197,1,16800.48,3,2,3,323,Regular
3652,432,1,16358.368000000002,2,2,3,223,Perdido
3656,98,1,23234.56,4,2,4,424,Regular
3657,73,1,12056.148,4,2,3,423,Regular
3661,593,1,21856.03,1,2,4,124,Perdido
3665,2,1,6219.369000000001,4,2,2,422,Regular
3670,274,2,29399.139,3,4,4,344,Regular
3674,181,1,7320.48,3,2,2,322,Regular
3675,207,1,17866.1,3,2,3,323,Regular
3688,403,1,37664.185000000005,2,2,4,224,Perdido
3691,328,1,300.89,3,2,1,321,Regular
3693,411,1,2796.5730000000003,2,2,1,221,Perdido
3731,296,1,768.38,3,2,1,321,Regular
3732,185,1,2939.85,3,2,1,321,Regular
3737,94,1,12985.68,4,2,3,423,Regular
3745,396,1,30451.967,2,2,4,224,Perdido
3746,695,1,4264.28,1,2,2,122,Perdido
3749,191,1,10093.85,3,2,3,323,Regular
3755,630,1,25386.11,1,2,4,124,Perdido
3757,259,1,9170.94,3,2,2,322,Regular
3758,475,1,1388.91,2,2,1,221,Perdido
3771,709,1,1177.5,1,2,1,121,Perdido
3773,550,1,7984.67,1,2,2,122,Perdido
3774,1,2,28950.896,4,4,4,444,VIP
3779,264,1,6866.15,3,2,2,322,Regular
3780,719,1,25036.77,1,2,4,124,Perdido
3788,62,1,1169.246,4,2,1,421,Regular
3802,367,2,7168.564,2,4,2,242,Regular
3803,411,1,33990.411,2,2,4,224,Perdido
3804,73,2,36098.894,4,4,4,444,VIP
3807,720,1,21004.21,1,2,4,124,Perdido
3818,569,1,8046.61,1,2,2,122,Perdido
3821,565,1,941.67,1,2,1,121,Perdido
3824,138,1,11136.24,4,2,3,423,Regular
3827,420,1,4841.837,2,2,2,222,Perdido
3829,698,2,6272.92,1,4,2,142,Regular
3834,557,1,21931.6,1,2,4,124,Perdido
3841,430,1,1784.861,2,2,1,221,Perdido
3846,17,1,31054.868,4,2,4,424,Regular
3857,260,1,1861.66,3,2,1,321,Regular
3860,544,1,6191.67,1,2,2,122,Perdido
3882,488,1,10683.01,2,2,3,223,Perdido
3890,348,1,6712.9,2,2,2,222,Perdido
3894,305,1,5816.74,3,2,2,322,Regular
3899,12,1,19349.083,4,2,3,423,Regular
3912,65,1,22802.975,4,2,4,424,Regular
3919,463,1,8062.24,2,2,2,222,Perdido
3925,267,1,24360.63,3,2,4,324,Regular
3926,451,1,6208.683,2,2,2,222,Perdido
3928,129,2,10533.56,4,4,3,443,VIP
3940,593,1,18646.89,1,2,3,123,Perdido
3944,80,2,42816.575,4,4,4,444,VIP
3951,470,2,4054.82,2,4,2,242,Regular
3953,517,1,5709.99,2,2,2,222,Perdido
3954,133,1,14243.45,4,2,3,423,Regular
3959,675,1,470.23,1,2,1,121,Perdido
3964,464,1,11841.28,2,2,3,223,Perdido
3975,682,1,413.14,1,2,1,121,Perdido
3991,238,1,676.46,3,2,1,321,Regular
3995,501,1,7774.38,2,2,2,222,Perdido
3996,552,1,40114.89,1,2,4,124,Perdido
4006,299,2,29627.77,3,4,4,344,Regular
4016,290,1,9679.22,3,2,2,322,Regular
4020,638,1,544.32,1,2,1,121,Perdido
4032,409,1,11839.152000000002,2,2,3,223,Perdido
4033,161,1,1322.21,3,2,1,321,Regular
4036,720,1,5235.45,1,2,2,122,Perdido
4037,161,2,48042.97,3,4,4,344,Regular
4038,130,1,21909.66,4,2,4,424,Regular
4039,288,2,2380.034,3,4,1,341,Regular
4044,15,2,45071.571,4,4,4,444,VIP
4046,726,1,27180.38,1,2,4,124,Perdido
4048,494,1,28129.92,2,2,4,224,Perdido
4051,209,2,16851.7,3,4,3,343,Regular
4061,456,2,32323.758,2,4,4,244,En riesgo
4065,356,1,3660.06,2,2,1,221,Perdido
4069,271,1,3088.09,3,2,1,321,Regular
4079,444,1,28463.773,2,2,4,224,Perdido
4081,353,1,5364.05,2,2,2,222,Perdido
4083,451,1,1525.6799999999998,2,2,1,221,Perdido
4084,492,1,8869.32,2,2,2,222,Perdido
4085,330,1,6201.5,3,2,2,322,Regular
4086,131,1,6384.16,4,2,2,422,Regular
4089,221,1,4968.86,3,2,2,322,Regular
4094,578,1,7721.08,1,2,2,122,Perdido
4097,45,1,11965.759,4,2,3,423,Regular
4107,328,1,7273.02,3,2,2,322,Regular
4114,671,1,5294.84,1,2,2,122,Perdido
4116,367,1,960.388,2,2,1,221,Perdido
4118,597,1,17869.18,1,2,3,123,Perdido
4119,91,1,706.4720000000001,4,2,1,421,Regular
4120,47,2,20583.819,4,4,4,444,VIP
4123,191,2,15935.14,3,4,3,343,Regular
4139,396,2,3650.309,2,4,1,241,Regular
4144,328,1,14320.64,3,2,3,323,Regular
4145,229,1,3351.09,3,2,1,321,Regular
4153,130,1,5517.62,4,2,2,422,Regular
4155,482,1,18440.41,2,2,3,223,Perdido
4158,561,1,29824.78,1,2,4,124,Perdido
4174,268,1,14263.96,3,2,3,323,Regular
4179,481,1,12037.83,2,2,3,223,Perdido
4183,660,1,27400.91,1,2,4,124,Perdido
4190,340,2,8293.154,2,4,2,242,Regular
4191,399,1,11662.066,2,2,3,223,Perdido
4194,253,1,1379.76,3,2,1,321,Regular
4198,452,1,9010.014,2,2,2,222,Perdido
4205,362,2,10208.33,2,4,3,243,En riesgo
4212,42,1,578.4870000000001,4,2,1,421,Regular
4220,125,1,4681.35,4,2,2,422,Regular
4221,503,1,13047.43,2,2,3,223,Perdido
4234,409,1,6326.138000000001,2,2,2,222,Perdido
4239,701,1,1181.86,1,2,1,121,Perdido
4240,600,1,16343.81,1,2,3,123,Perdido
4243,500,1,923.25,2,2,1,221,Perdido
4247,283,1,3727.06,3,2,1,321,Regular
4249,29,1,12303.07,4,2,3,423,Regular
4251,94,1,17202.93,4,2,3,423,Regular
4260,697,1,20757.57,1,2,4,124,Perdido
4266,594,1,1626.38,1,2,1,121,Perdido
4269,427,1,24917.802000000003,2,2,4,224,Perdido
4276,662,1,8326.66,1,2,2,122,Perdido
4283,304,1,5873.85,3,2,2,322,Regular
4289,161,1,19454.22,3,2,3,323,Regular
4291,446,1,5976.542,2,2,2,222,Perdido
4299,396,1,29161.561,2,2,4,224,Perdido
4300,95,2,13209.279999999999,4,4,3,443,VIP
4307,364,1,10953.96,2,2,3,223,Perdido
4317,392,3,13929.578000000001,2,4,3,243,En riesgo
4324,448,1,740.7529999999999,2,2,1,221,Perdido
4333,44,1,4158.349,4,2,2,422,Regular
4343,613,1,4043.83,1,2,2,122,Perdido
4344,182,1,9482.86,3,2,2,322,Regular
4345,493,1,1637.3,2,2,1,221,Perdido
4347,156,1,3617.7,4,2,1,421,Regular
4356,618,1,1599.69,1,2,1,121,Perdido
4357,602,1,3948.68,1,2,2,122,Perdido
4358,120,2,18077.059999999998,4,4,3,443,VIP
4359,652,1,7741.65,1,2,2,122,Perdido
4360,99,1,833.24,4,2,1,421,Regular
4364,157,1,2310.82,4,2,1,421,Regular
4368,189,1,5391.44,3,2,2,322,Regular
4370,237,1,4531.49,3,2,2,322,Regular
4379,550,1,21984.06,1,2,4,124,Perdido
4385,279,1,20601.36,3,2,4,324,Regular
4391,15,1,37962.184,4,2,4,424,Regular
4403,522,1,293.71,2,2,1,221,Perdido
4408,343,1,949.66,2,2,1,221,Perdido
4411,407,1,4245.475,2,2,2,222,Perdido
4412,181,2,40741.61,3,4,4,344,Regular
4413,541,1,275.42,1,2,1,121,Perdido
4449,709,1,251.91,1,2,1,121,Perdido
4452,65,1,21834.306,4,2,4,424,Regular
4459,299,1,9568.73,3,2,2,322,Regular
4462,501,1,9791.27,2,2,3,223,Perdido
4465,211,1,21921.66,3,2,4,324,Regular
4467,6,1,13909.558,4,2,3,423,Regular
4475,450,1,2512.1070000000004,2,2,1,221,Perdido
4476,550,1,3077.31,1,2,1,121,Perdido
4477,157,1,14077.67,4,2,3,423,Regular
4478,693,1,10828.16,1,2,3,123,Perdido
4480,3,1,20121.413,4,2,4,424,Regular
4490,684,1,11455.62,1,2,3,123,Perdido
4512,167,1,918.96,3,2,1,321,Regular
4520,618,1,6601.92,1,2,2,122,Perdido
4521,637,1,10317.01,1,2,3,123,Perdido
4526,36,1,17052.489999999998,4,2,3,423,Regular
4535,248,1,2713.47,3,2,1,321,Regular
4536,139,1,25388.19,4,2,4,424,Regular
4538,675,1,4114.04,1,2,2,122,Perdido
4545,14,2,28353.692000000003,4,4,4,444,VIP
4546,455,1,23866.167,2,2,4,224,Perdido
4550,195,1,15946.83,3,2,3,323,Regular
4555,392,1,1735.7210000000002,2,2,1,221,Perdido
4562,609,1,369.35,1,2,1,121,Perdido
4563,232,1,10131.83,3,2,3,323,Regular
4573,632,1,5604.14,1,2,2,122,Perdido
4574,114,1,8450.63,4,2,2,422,Regular
4577,702,1,13661.52,1,2,3,123,Perdido
4587,114,1,5866.71,4,2,2,422,Regular
4590,258,1,2203.36,3,2,1,321,Regular
4597,87,1,706.6800000000001,4,2,1,421,Regular
4600,1,3,19307.912,4,4,3,443,VIP
4603,48,1,4556.435,4,2,2,422,Regular
4604,63,1,10800.010000000002,4,2,3,423,Regular
4607,485,1,29404.67,2,2,4,224,Perdido
4613,683,1,2494.38,1,2,1,121,Perdido
4624,666,1,29630.5,1,2,4,124,Perdido
4625,170,1,8290.4,3,2,2,322,Regular
4646,629,1,31046.17,1,2,4,124,Perdido
4649,672,1,34623.72,1,2,4,124,Perdido
4651,110,1,7493.85,4,2,2,422,Regular
4655,565,1,7735.51,1,2,2,122,Perdido
4656,418,1,29404.739,2,2,4,224,Perdido
4661,726,1,18203.53,1,2,3,123,Perdido
4663,600,1,13747.9,1,2,3,123,Perdido
4665,295,1,2405.88,3,2,1,321,Regular
4674,32,1,22340.903,4,2,4,424,Regular
4675,283,1,492.84,3,2,1,321,Regular
4680,223,1,21027.03,3,2,4,324,Regular
4684,344,1,17301.08,2,2,3,223,Perdido
4685,526,1,16138.83,1,2,3,123,Perdido
4708,236,1,20816.03,3,2,4,324,Regular
4712,66,1,11842.155,4,2,3,423,Regular
4715,367,1,6825.8060000000005,2,2,2,222,Perdido
4716,453,1,22256.234,2,2,4,224,Perdido
4729,355,1,5289.31,2,2,2,222,Perdido
4731,73,1,1887.678,4,2,1,421,Regular
4741,243,1,5234.2,3,2,2,322,Regular
4742,178,1,18733.18,3,2,3,323,Regular
4743,441,1,5823.219999999999,2,2,2,222,Perdido
4746,116,1,4437.51,4,2,2,422,Regular
4755,114,1,26508.17,4,2,4,424,Regular
4756,707,1,5637.48,1,2,2,122,Perdido
4766,686,1,15224.18,1,2,3,123,Perdido
4767,219,1,12921.67,3,2,3,323,Regular
4773,112,2,3908.5,4,4,2,442,Regular
4775,103,2,3180.93,4,4,1,441,Regular
4781,112,1,9555.66,4,2,2,422,Regular
4785,279,1,12324.31,3,2,3,323,Regular
4787,219,1,8053.58,3,2,2,322,Regular
4788,242,1,19111.28,3,2,3,323,Regular
4797,155,1,4023.92,4,2,2,422,Regular
4800,389,1,10570.339,2,2,3,223,Perdido
4809,198,1,9410.78,3,2,2,322,Regular
4819,113,1,27871.4,4,2,4,424,Regular
4830,259,1,11731.85,3,2,3,323,Regular
4839,49,1,44148.234,4,2,4,424,Regular
4841,499,1,9105.8,2,2,2,222,Perdido
4845,456,1,9844.107,2,2,3,223,Perdido
4851,418,1,2480.322,2,2,1,221,Perdido
4854,103,1,25538.85,4,2,4,424,Regular
4855,660,1,33823.25,1,2,4,124,Perdido
4857,203,2,23070.440000000002,3,4,4,344,Regular
4859,462,1,17722.28,2,2,3,223,Perdido
4861,468,1,16187.27,2,2,3,223,Perdido
4865,708,1,26146.5,1,2,4,124,Perdido
4873,362,1,11409.22,2,2,3,223,Perdido
4883,256,1,25557.88,3,2,4,324,Regular
4888,580,1,10889.5,1,2,3,123,Perdido
4892,142,1,13704.72,4,2,3,423,Regular
4904,522,1,19910.37,2,2,3,223,Perdido
4911,300,1,28205.0,3,2,4,324,Regular
4920,211,1,18264.55,3,2,3,323,Regular
4927,671,1,3339.44,1,2,1,121,Perdido
4934,528,1,23258.53,1,2,4,124,Perdido
4936,70,3,28260.919,4,4,4,444,VIP
4940,412,1,1187.55,2,2,1,221,Perdido
4954,631,1,33021.96,1,2,4,124,Perdido
4956,712,1,2744.09,1,2,1,121,Perdido
4959,252,1,16068.63,3,2,3,323,Regular
4966,414,1,27454.726,2,2,4,224,Perdido
4969,177,1,5272.8,3,2,2,322,Regular
4970,318,1,25295.24,3,2,4,324,Regular
4975,585,2,17395.43,1,4,3,143,En riesgo
4977,14,1,19967.844,4,2,4,424,Regular
4997,111,1,2950.04,4,2,1,421,Regular
4999,290,1,14033.53,3,2,3,323,Regular
5000,127,1,10163.57,4,2,3,423,Regular
5004,59,1,38433.382,4,2,4,424,Regular
5016,7,1,505.02400000000006,4,2,1,421,Regular
5021,121,1,10708.31,4,2,3,423,Regular
5025,238,1,186.82,3,2,1,321,Regular
5029,382,1,26346.411000000004,2,2,4,224,Perdido
5042,441,1,6757.439,2,2,2,222,Perdido
5045,73,1,21287.448,4,2,4,424,Regular
5046,234,1,2966.8,3,2,1,321,Regular
5051,505,1,32517.27,2,2,4,224,Perdido
5053,175,1,7230.29,3,2,2,322,Regular
5055,614,1,6532.06,1,2,2,122,Perdido
5062,560,1,1430.75,1,2,1,121,Perdido
5063,23,1,11131.094,4,2,3,423,Regular
5065,169,1,22716.38,3,2,4,324,Regular
5071,665,1,15537.2,1,2,3,123,Perdido
5077,157,1,19647.51,4,2,3,423,Regular
5089,400,1,10919.35,2,2,3,223,Perdido
5091,275,1,460.73,3,2,1,321,Regular
5105,513,1,2366.1,2,2,1,221,Perdido
5107,347,1,7372.62,2,2,2,222,Perdido
5111,111,1,5388.94,4,2,2,422,Regular
5116,549,1,5184.26,1,2,2,122,Perdido
5117,191,1,831.87,3,2,1,321,Regular
5127,136,2,9446.449,4,4,2,442,Regular
5132,717,1,248.08,1,2,1,121,Perdido
5133,385,2,27055.528,2,4,4,244,En riesgo
5134,557,1,8273.87,1,2,2,122,Perdido
5142,674,1,20494.65,1,2,4,124,Perdido
5145,77,2,5805.459,4,4,2,442,Regular
5146,121,1,12706.98,4,2,3,423,Regular
5150,278,1,2374.42,3,2,1,321,Regular
5158,484,1,7853.58,2,2,2,222,Perdido
5163,187,1,24063.77,3,2,4,324,Regular
5167,83,1,26740.467,4,2,4,424,Regular
5177,354,1,935.88,2,2,1,221,Perdido
5185,342,1,9532.0,2,2,2,222,Perdido
5190,262,1,21965.42,3,2,4,324,Regular
5197,694,1,7796.21,1,2,2,122,Perdido
5213,116,1,38395.78,4,2,4,424,Regular
5221,170,1,249.5,3,2,1,321,Regular
5224,97,1,4431.79,4,2,2,422,Regular
5234,637,1,4976.29,1,2,2,122,Perdido
5244,196,2,19066.8,3,4,3,343,Regular
5251,339,1,6327.07,2,2,2,222,Perdido
5257,453,1,6948.396000000001,2,2,2,222,Perdido
5260,227,1,7553.29,3,2,2,322,Regular
5268,41,1,4451.733,4,2,2,422,Regular
5270,293,1,67.3,3,2,1,321,Regular
5274,621,1,3529.61,1,2,1,121,Perdido
5281,229,1,7877.32,3,2,2,322,Regular
5292,361,1,12445.14,2,2,3,223,Perdido
5297,596,1,3261.28,1,2,1,121,Perdido
5301,583,1,16517.44,1,2,3,123,Perdido
5304,333,1,4272.71,2,2,2,222,Perdido
5307,385,1,9981.868,2,2,3,223,Perdido
5310,13,1,6626.529,4,2,2,422,Regular
5312,311,1,28996.97,3,2,4,324,Regular
5315,33,1,18810.792,4,2,3,423,Regular
5318,288,2,60070.770000000004,3,4,4,344,Regular
5323,182,1,7027.66,3,2,2,322,Regular
5340,166,1,37206.37,3,2,4,324,Regular
5342,207,2,27183.559999999998,3,4,4,344,Regular
5349,450,1,49412.519,2,2,4,224,Perdido
5352,603,1,993.4,1,2,1,121,Perdido
5353,88,1,17556.188000000002,4,2,3,423,Regular
5355,75,1,6213.051,4,2,2,422,Regular
5362,500,1,4668.25,2,2,2,222,Perdido
5363,332,1,3369.48,3,2,1,321,Regular
5364,455,1,21693.204,2,2,4,224,Perdido
5370,123,1,25464.88,4,2,4,424,Regular
5378,251,2,9102.56,3,4,2,342,Regular
5381,129,1,726.46,4,2,1,421,Regular
5383,528,2,23424.19,1,4,4,144,En riesgo
5389,627,1,3197.55,1,2,1,121,Perdido
5398,135,1,8065.78,4,2,2,422,Regular
5402,444,1,4879.615000000001,2,2,2,222,Perdido
5403,637,1,22515.7,1,2,4,124,Perdido
5415,234,1,16350.34,3,2,3,323,Regular
5426,455,1,1775.0200000000002,2,2,1,221,Perdido
5436,112,1,33470.98,4,2,4,424,Regular
5445,152,1,24525.23,4,2,4,424,Regular
5464,725,1,1394.81,1,2,1,121,Perdido
5470,59,1,46572.942,4,2,4,424,Regular
5474,385,1,1454.687,2,2,1,221,Perdido
5476,30,1,6194.006,4,2,2,422,Regular
5477,542,1,3915.52,1,2,2,122,Perdido
5482,639,1,29194.59,1,2,4,124,Perdido
5488,61,1,7589.867999999999,4,2,2,422,Regular
5496,143,1,17712.07,4,2,3,423,Regular
5507,207,3,33957.453,3,4,4,344,Regular
5517,134,1,15359.85,4,2,3,423,Regular
5521,486,1,14760.16,2,2,3,223,Perdido
5522,702,1,2506.61,1,2,1,121,Perdido
5523,321,1,7079.98,3,2,2,322,Regular
5526,255,1,271.3,3,2,1,321,Regular
5533,247,1,7750.93,3,2,2,322,Regular
5543,552,1,9016.23,1,2,2,122,Perdido
5544,201,1,23439.94,3,2,4,324,Regular
5552,240,1,9658.53,3,2,2,322,Regular
5555,195,1,26163.14,3,2,4,324,Regular
5559,707,1,7698.94,1,2,2,122,Perdido
5571,67,1,26852.956,4,2,4,424,Regular
5576,651,1,3674.88,1,2,1,121,Perdido
5587,231,1,6843.31,3,2,2,322,Regular
5592,643,1,27226.56,1,2,4,124,Perdido
5614,130,1,1105.12,4,2,1,421,Regular
5622,71,1,26743.301000000003,4,2,4,424,Regular
5623,112,1,20696.13,4,2,4,424,Regular
5625,286,1,15569.27,3,2,3,323,Regular
5637,288,1,25289.11,3,2,4,324,Regular
5650,488,1,5750.19,2,2,2,222,Perdido
5661,599,1,642.05,1,2,1,121,Perdido
5669,601,1,4601.34,1,2,2,122,Perdido
5670,174,1,3497.03,3,2,1,321,Regular
5671,26,1,30237.441,4,2,4,424,Regular
5681,245,2,46255.22,3,4,4,344,Regular
5682,201,1,4690.4,3,2,2,322,Regular
5686,610,1,7244.69,1,2,2,122,Perdido
5691,590,1,9290.3,1,2,2,122,Perdido
5693,383,1,5260.97,2,2,2,222,Perdido
5697,318,1,3507.61,3,2,1,321,Regular
5703,107,1,12693.02,4,2,3,423,Regular
5710,140,1,699.44,4,2,1,421,Regular
5721,700,1,8930.45,1,2,2,122,Perdido
5722,511,1,16630.04,2,2,3,223,Perdido
5723,193,1,6767.41,3,2,2,322,Regular
5726,623,1,27024.06,1,2,4,124,Perdido
5731,371,1,15070.133,2,2,3,223,Perdido
5735,474,1,18544.86,2,2,3,223,Perdido
5741,114,1,13790.78,4,2,3,423,Regular
5750,194,2,12384.05,3,4,3,343,Regular
5752,461,1,23353.17,2,2,4,224,Perdido
5755,93,1,4403.73,4,2,2,422,Regular
5758,46,2,36483.603,4,4,4,444,VIP
5759,623,1,5784.96,1,2,2,122,Perdido
5760,723,1,343.81,1,2,1,121,Perdido
5764,149,1,14734.82,4,2,3,423,Regular
5766,329,1,13645.02,3,2,3,323,Regular
5768,219,1,2362.96,3,2,1,321,Regular
5775,727,1,1177.05,1,2,1,121,Perdido
5780,289,1,22424.64,3,2,4,324,Regular
5782,606,1,5872.16,1,2,2,122,Perdido
5786,72,1,3269.383,4,2,1,421,Regular
5787,237,3,42221.84,3,4,4,344,Regular
5789,721,1,555.91,1,2,1,121,Perdido
5797,258,1,2845.2,3,2,1,321,Regular
5799,114,1,30340.69,4,2,4,424,Regular
5800,660,1,16490.14,1,2,3,123,Perdido
5812,674,1,19687.28,1,2,3,123,Perdido
5816,63,2,50795.927,4,4,4,444,VIP
5822,240,1,2805.06,3,2,1,321,Regular
5823,439,1,23547.186,2,2,4,224,Perdido
5828,529,1,4828.8,1,2,2,122,Perdido
5830,505,1,13792.31,2,2,3,223,Perdido
5835,270,1,21459.75,3,2,4,324,Regular
5840,67,1,6374.069,4,2,2,422,Regular
5848,427,1,1553.6820000000002,2,2,1,221,Perdido
5849,727,1,1272.69,1,2,1,121,Perdido
5852,480,1,3758.26,2,2,1,221,Perdido
5854,635,1,2721.07,1,2,1,121,Perdido
5856,334,1,9773.42,2,2,3,223,Perdido
5857,705,1,1011.33,1,2,1,121,Perdido
5858,633,1,5712.25,1,2,2,122,Perdido
5860,720,1,173.2,1,2,1,121,Perdido
5861,371,1,8781.773000000001,2,2,2,222,Perdido
5862,522,1,12721.26,2,2,3,223,Perdido
5864,337,1,31254.7,2,2,4,224,Perdido
5870,127,1,5842.97,4,2,2,422,Regular
5876,263,1,11807.97,3,2,3,323,Regular
5878,65,1,52005.35600000001,4,2,4,424,Regular
5880,106,1,6543.04,4,2,2,422,Regular
5881,70,2,29835.919,4,4,4,444,VIP
5885,257,2,11786.619999999999,3,4,3,343,Regular
5896,199,1,5570.31,3,2,2,322,Regular
5901,188,1,27027.42,3,2,4,324,Regular
5908,109,1,5097.51,4,2,2,422,Regular
5911,114,1,12495.71,4,2,3,423,Regular
5918,633,1,12401.08,1,2,3,123,Perdido
5920,302,1,16815.83,3,2,3,323,Regular
5922,289,1,37515.72,3,2,4,324,Regular
5923,359,2,3696.86,2,4,1,241,Regular
5925,498,1,1093.85,2,2,1,221,Perdido
5928,73,1,12665.77,4,2,3,423,Regular
5930,127,1,4708.03,4,2,2,422,Regular
5941,332,1,6243.75,3,2,2,322,Regular
5942,292,1,462.19,3,2,1,321,Regular
5944,26,1,37193.299,4,2,4,424,Regular
5945,73,1,13820.664,4,2,3,423,Regular
5960,271,1,1380.35,3,2,1,321,Regular
5963,208,1,3289.87,3,2,1,321,Regular
5965,159,1,1944.97,3,2,1,321,Regular
5971,523,1,3589.18,2,2,1,221,Perdido
5979,596,1,32577.02,1,2,4,124,Perdido
5980,524,1,199.88,2,2,1,221,Perdido
5983,16,1,13130.364,4,2,3,423,Regular
5988,326,1,4574.4,3,2,2,322,Regular
5992,578,1,13054.45,1,2,3,123,Perdido
5996,32,1,17854.382,4,2,3,423,Regular
5999,589,1,15626.46,1,2,3,123,Perdido
6000,402,1,14769.352,2,2,3,223,Perdido
6003,209,1,19705.68,3,2,3,323,Regular
6007,547,1,21811.98,1,2,4,124,Perdido
6012,442,1,21161.608,2,2,4,224,Perdido
6015,113,1,7454.83,4,2,2,422,Regular
6016,724,1,209.3,1,2,1,121,Perdido
6020,233,1,8382.75,3,2,2,322,Regular
6022,167,1,5479.44,3,2,2,322,Regular
6023,453,1,16975.569,2,2,3,223,Perdido
6027,620,1,6962.21,1,2,2,122,Perdido
6031,123,1,23215.92,4,2,4,424,Regular
6046,493,1,19140.58,2,2,3,223,Perdido
6049,56,1,47078.395,4,2,4,424,Regular
6054,30,2,25332.348,4,4,4,444,VIP
6058,385,2,17070.599000000002,2,4,3,243,En riesgo
6064,563,1,20671.2,1,2,4,124,Perdido
6082,610,1,12019.72,1,2,3,123,Perdido
6083,126,2,2389.058,4,4,1,441,Regular
6084,202,1,13147.51,3,2,3,323,Regular
6087,143,1,542.77,4,2,1,421,Regular
6091,501,1,2260.58,2,2,1,221,Perdido
6095,281,1,25729.36,3,2,4,324,Regular
6104,639,1,22497.0,1,2,4,124,Perdido
6106,552,1,3682.13,1,2,1,121,Perdido
6122,480,1,1181.63,2,2,1,221,Perdido
6125,214,1,13839.71,3,2,3,323,Regular
6134,41,1,1096.433,4,2,1,421,Regular
6143,197,1,389.99,3,2,1,321,Regular
6145,78,1,22075.820000000003,4,2,4,424,Regular
6146,624,1,13408.63,1,2,3,123,Perdido
6149,632,1,3254.76,1,2,1,121,Perdido
6150,198,1,22808.61,3,2,4,324,Regular
6152,654,1,6058.54,1,3,2,132,Regular
6153,395,1,8998.34,2,3,2,232,Regular
6154,454,1,26767.741,2,3,4,234,En riesgo
6161,144,2,8644.039999999999,4,4,2,442,Regular
6166,19,1,12436.398,4,3,3,433,VIP
6167,386,1,8574.631,2,3,2,232,Regular
6176,220,1,5136.11,3,3,2,332,Regular
6185,111,1,15721.43,4,3,3,433,VIP
6200,540,1,25336.01,1,3,4,134,En riesgo
6203,92,2,18722.372000000003,4,4,3,443,VIP
6224,108,1,28368.27,4,3,4,434,VIP
6228,388,1,2104.089,2,3,1,231,Regular
6230,478,1,6998.06,2,3,2,232,Regular
6234,653,1,653.79,1,3,1,131,Regular
6235,3,1,10499.047,4,3,3,433,VIP
6237,474,1,12104.56,2,3,3,233,En riesgo
6238,212,1,8538.23,3,3,2,332,Regular
6239,141,1,10627.0,4,3,3,433,VIP
6242,12,1,15806.531,4,3,3,433,VIP
6246,47,1,15959.541,4,3,3,433,VIP
6250,439,1,28060.227000000003,2,3,4,234,En riesgo
6251,206,1,5531.2,3,3,2,332,Regular
6254,275,1,536.16,3,3,1,331,Regular
6257,413,1,12027.561,2,3,3,233,En riesgo
6264,419,2,21572.407,2,4,4,244,En riesgo
6267,666,1,23300.88,1,3,4,134,En riesgo
6268,256,1,7978.33,3,3,2,332,Regular
6269,108,1,7567.1,4,3,2,432,Regular
6270,547,1,23272.13,1,3,4,134,En riesgo
6274,65,1,4740.801,4,3,2,432,Regular
6279,364,2,30982.899999999998,2,4,4,244,En riesgo
6280,503,1,12821.44,2,3,3,233,En riesgo
6288,641,1,6107.47,1,3,2,132,Regular
6297,44,1,2015.117,4,3,1,431,Regular
6300,148,1,2455.3,4,3,1,431,Regular
6307,680,1,1467.61,1,3,1,131,Regular
6310,592,1,13591.99,1,3,3,133,En riesgo
6311,25,2,53565.804000000004,4,4,4,444,VIP
6315,506,1,4762.28,2,3,2,232,Regular
6316,665,1,11594.07,1,3,3,133,En riesgo
6321,78,1,26159.367,4,3,4,434,VIP
6322,17,1,33728.097,4,3,4,434,VIP
6334,100,1,23299.2,4,3,4,434,VIP
6338,583,1,16088.74,1,3,3,133,En riesgo
6350,653,1,32474.05,1,3,4,134,En riesgo
6360,77,1,1034.657,4,3,1,431,Regular
6362,1,2,26814.845999999998,4,4,4,444,VIP
6363,2,2,47609.434,4,4,4,444,VIP
6367,159,2,7288.5199999999995,3,4,2,342,Regular
6378,134,1,15032.83,4,3,3,433,VIP
6380,481,1,818.5,2,3,1,231,Regular
6381,72,1,11336.299,4,3,3,433,VIP
6385,330,1,1091.55,3,3,1,331,Regular
6397,341,1,6581.89,2,3,2,232,Regular
6404,604,1,1612.8,1,3,1,131,Regular
6408,687,1,3557.31,1,3,1,131,Regular
6419,158,1,34339.14,4,3,4,434,VIP
6426,664,1,3019.03,1,3,1,131,Regular
6429,694,1,3321.31,1,3,1,131,Regular
6434,253,1,3205.04,3,3,1,331,Regular
6438,33,1,16923.881,4,3,3,433,VIP
6441,249,1,11322.49,3,3,3,333,Regular
6444,436,1,7136.506,2,3,2,232,Regular
6447,193,1,8843.5,3,3,2,332,Regular
6448,180,1,5205.09,3,3,2,332,Regular
6454,70,1,50228.789,4,3,4,434,VIP
6458,515,1,522.29,2,3,1,231,Regular
6462,368,1,13206.401000000002,2,3,3,233,En riesgo
6465,259,2,34587.14,3,4,4,344,Regular
6468,591,1,1200.55,1,3,1,131,Regular
6469,693,1,5799.35,1,3,2,132,Regular
6475,150,2,6877.52,4,4,2,442,Regular
6480,177,1,19175.49,3,3,3,333,Regular
6488,274,1,3142.85,3,3,1,331,Regular
6489,280,2,9724.41,3,4,3,343,Regular
6497,545,1,22822.96,1,3,4,134,En riesgo
6518,263,2,29121.32,3,4,4,344,Regular
6524,559,1,1420.54,1,3,1,131,Regular
6537,451,1,29854.604000000003,2,3,4,234,En riesgo
6543,344,2,20898.36,2,4,4,244,En riesgo
6546,55,1,10891.023,4,3,3,433,VIP
6559,557,1,11907.78,1,3,3,133,En riesgo
6563,378,1,3229.7720000000004,2,3,1,231,Regular
6566,242,1,1324.98,3,3,1,331,Regular
6567,81,1,8522.839,4,3,2,432,Regular
6568,704,1,2097.69,1,3,1,131,Regular
6581,365,1,11046.24,2,3,3,233,En riesgo
6582,647,1,7008.63,1,3,2,132,Regular
6587,392,1,14041.924,2,3,3,233,En riesgo
6611,390,1,1263.912,2,3,1,231,Regular
6616,436,1,15044.055,2,3,3,233,En riesgo
6619,516,1,3543.84,2,3,1,231,Regular
6620,629,1,31218.25,1,3,4,134,En riesgo
6637,641,1,11216.11,1,3,3,133,En riesgo
6642,226,1,3117.12,3,3,1,331,Regular
6646,264,1,30760.07,3,3,4,334,Regular
6648,262,1,6747.95,3,3,2,332,Regular
6656,255,1,495.02,3,3,1,331,Regular
6660,641,2,23557.02,1,4,4,144,En riesgo
6666,535,1,11635.48,1,3,3,133,En riesgo
6668,276,1,14910.59,3,3,3,333,Regular
6672,126,1,19785.61,4,3,3,433,VIP
6677,172,1,6483.78,3,3,2,332,Regular
6684,335,2,7724.879999999999,2,4,2,242,Regular
6691,43,2,5299.868,4,4,2,442,Regular
6700,175,1,11664.66,3,3,3,333,Regular
6701,306,1,3198.46,3,3,1,331,Regular
6702,544,1,3678.65,1,3,1,131,Regular
6718,459,1,15162.99,2,3,3,233,En riesgo
6735,482,1,18551.18,2,3,3,233,En riesgo
6736,202,1,19331.33,3,3,3,333,Regular
6748,91,1,3800.979,4,3,1,431,Regular
6751,90,1,23783.344,4,3,4,434,VIP
6758,628,1,11284.38,1,3,3,133,En riesgo
6766,98,2,32838.54,4,4,4,444,VIP
6767,625,1,1288.26,1,3,1,131,Regular
6768,146,1,1155.77,4,3,1,431,Regular
6769,157,2,12919.41,4,4,3,443,VIP
6783,111,1,6381.41,4,3,2,432,Regular
6785,254,1,2498.48,3,3,1,331,Regular
6794,329,1,15011.19,3,3,3,333,Regular
6796,92,1,16445.052000000003,4,3,3,433,VIP
6798,624,1,1438.43,1,3,1,131,Regular
6805,496,1,4079.53,2,3,2,232,Regular
6809,390,1,5362.617,2,3,2,232,Regular
6817,429,1,10237.084,2,3,3,233,En riesgo
6821,143,1,5560.32,4,3,2,432,Regular
6834,646,1,380.94,1,3,1,131,Regular
6837,271,1,2875.14,3,3,1,331,Regular
6840,387,1,17161.092,2,3,3,233,En riesgo
6849,398,1,25624.547,2,3,4,234,En riesgo
6852,191,1,10985.52,3,3,3,333,Regular
6855,389,1,2745.6,2,3,1,231,Regular
6858,427,1,14923.831000000002,2,3,3,233,En riesgo
6861,136,1,6141.63,4,3,2,432,Regular
6866,252,1,12044.31,3,3,3,333,Regular
6869,155,1,25088.75,4,3,4,434,VIP
6885,481,1,1752.72,2,3,1,231,Regular
6891,392,1,2022.93,2,3,1,231,Regular
6892,379,1,2017.08,2,3,1,231,Regular
6893,338,1,22216.11,2,3,4,234,En riesgo
6902,531,1,37832.51,1,3,4,134,En riesgo
6905,149,2,29592.509,4,4,4,444,VIP
6906,321,2,24930.550000000003,3,4,4,344,Regular
6909,319,2,41600.329000000005,3,4,4,344,Regular
6912,468,1,1187.12,2,3,1,231,Regular
6918,528,1,2085.99,1,3,1,131,Regular
6919,510,1,4318.79,2,3,2,232,Regular
6924,284,1,4445.28,3,3,2,332,Regular
6931,603,1,12534.84,1,3,3,133,En riesgo
6932,588,1,263.69,1,3,1,131,Regular
6933,499,1,1634.17,2,3,1,231,Regular
6938,243,2,9166.64,3,4,2,342,Regular
6942,325,1,4237.82,3,3,2,332,Regular
6943,301,1,24711.11,3,3,4,334,Regular
6948,437,1,32660.082,2,3,4,234,En riesgo
6950,612,1,8477.42,1,3,2,132,Regular
6952,424,1,3833.31,2,3,2,232,Regular
6959,41,1,3303.9500000000003,4,3,1,431,Regular
6960,466,1,16853.07,2,3,3,233,En riesgo
6962,656,1,4832.94,1,3,2,132,Regular
6966,497,1,2028.06,2,3,1,231,Regular
6969,76,1,19186.505,4,3,3,433,VIP
6970,317,1,7543.86,3,3,2,332,Regular
6977,290,1,1627.16,3,3,1,331,Regular
6990,730,1,29502.32,1,3,4,134,En riesgo
6996,501,1,2664.08,2,3,1,231,Regular
7002,225,1,2804.78,3,3,1,331,Regular
7005,602,1,14573.43,1,3,3,133,En riesgo
7006,454,1,25373.673,2,3,4,234,En riesgo
7015,434,1,29998.67,2,3,4,234,En riesgo
7017,9,1,4804.943,4,3,2,432,Regular
7023,244,1,17271.9,3,3,3,333,Regular
7030,530,1,9856.4,1,3,3,133,En riesgo
7033,643,1,2526.42,1,3,1,131,Regular
7037,350,1,5750.49,2,3,2,232,Regular
7042,695,1,7658.39,1,3,2,132,Regular
7050,250,1,20837.01,3,3,4,334,Regular
7056,124,2,15027.14,4,4,3,443,VIP
7059,113,2,35305.509999999995,4,4,4,444,VIP
7063,476,1,27853.92,2,3,4,234,En riesgo
7064,109,1,15420.28,4,3,3,433,VIP
7066,205,1,1630.8,3,3,1,331,Regular
7074,511,1,18563.33,2,3,3,233,En riesgo
7075,251,1,948.13,3,3,1,331,Regular
7076,660,1,556.84,1,3,1,131,Regular
7089,555,1,2906.78,1,3,1,131,Regular
7098,136,1,16335.81,4,3,3,433,VIP
7099,516,1,304.46,2,3,1,231,Regular
7105,49,1,13483.145,4,3,3,433,VIP
7109,11,1,4821.31,4,3,2,432,Regular
7110,242,1,1439.89,3,3,1,331,Regular
7115,115,1,1318.53,4,3,1,431,Regular
7123,725,1,1205.96,1,3,1,131,Regular
7124,598,1,31766.06,1,3,4,134,En riesgo
7132,691,1,12096.26,1,3,3,133,En riesgo
7141,72,1,23478.351,4,3,4,434,VIP
7153,365,1,4167.82,2,3,2,232,Regular
7155,529,1,30565.01,1,3,4,134,En riesgo
7158,577,1,10826.21,1,3,3,133,En riesgo
7167,535,1,12394.19,1,3,3,133,En riesgo
7168,672,1,1354.03,1,3,1,131,Regular
7175,671,1,21927.26,1,3,4,134,En riesgo
7176,387,1,12346.217,2,3,3,233,En riesgo
7180,471,1,18082.1,2,3,3,233,En riesgo
7189,535,1,4476.1,1,3,2,132,Regular
7190,242,1,10414.74,3,3,3,333,Regular
7192,311,1,4717.75,3,3,2,332,Regular
7193,398,1,6718.088000000001,2,3,2,232,Regular
7194,348,1,6559.41,2,3,2,232,Regular
7209,625,1,6477.9,1,3,2,132,Regular
7212,537,1,24073.6,1,3,4,134,En riesgo
7218,43,1,1420.419,4,3,1,431,Regular
7220,365,1,14687.68,2,3,3,233,En riesgo
7222,141,1,3246.34,4,3,1,431,Regular
7229,407,1,26018.551000000003,2,3,4,234,En riesgo
7230,10,1,11962.080000000002,4,3,3,433,VIP
7243,498,1,11471.61,2,3,3,233,En riesgo
7246,352,1,4292.4,2,3,2,232,Regular
7247,45,1,2467.01,4,3,1,431,Regular
7255,582,1,19568.33,1,3,3,133,En riesgo
7256,78,2,40921.471999999994,4,4,4,444,VIP
7257,356,1,4398.88,2,3,2,232,Regular
7259,666,1,1901.48,1,3,1,131,Regular
7262,523,1,1899.15,2,3,1,231,Regular
7264,290,1,7151.29,3,3,2,332,Regular
7265,233,1,6350.94,3,3,2,332,Regular
7266,251,1,2150.46,3,3,1,331,Regular
7276,127,1,15475.55,4,3,3,433,VIP
7283,563,1,4642.51,1,3,2,132,Regular
7286,654,1,4683.36,1,3,2,132,Regular
7295,130,1,29062.14,4,3,4,434,VIP
7298,624,1,18244.97,1,3,3,133,En riesgo
7301,320,2,23282.699999999997,3,4,4,344,Regular
7304,601,1,5187.57,1,3,2,132,Regular
7311,149,1,5610.78,4,3,2,432,Regular
7322,23,1,16427.203,4,3,3,433,VIP
7324,601,1,839.15,1,3,1,131,Regular
7327,48,1,4486.703,4,3,2,432,Regular
7329,84,1,5524.61,4,3,2,432,Regular
7333,153,1,19750.16,4,3,3,433,VIP
7335,372,1,13278.408,2,3,3,233,En riesgo
7337,83,1,19135.831,4,3,3,433,VIP
7339,360,1,18401.95,2,3,3,233,En riesgo
7344,29,1,10460.203,4,3,3,433,VIP
7347,273,2,29414.54,3,4,4,344,Regular
7351,280,1,2835.9,3,3,1,331,Regular
7356,502,1,360.25,2,3,1,231,Regular
7359,91,3,27526.636,4,4,4,444,VIP
7360,245,1,26412.96,3,3,4,334,Regular
7364,64,1,230.04800000000003,4,3,1,431,Regular
7369,712,1,4547.43,1,3,2,132,Regular
7374,271,1,1952.9,3,3,1,331,Regular
7383,519,1,24261.12,2,3,4,234,En riesgo
7385,575,1,23676.0,1,3,4,134,En riesgo
7386,642,1,4087.61,1,3,2,132,Regular
7387,533,1,2050.43,1,3,1,131,Regular
7389,394,1,11129.651000000002,2,3,3,233,En riesgo
7401,510,1,21311.52,2,3,4,234,En riesgo
7402,476,1,6728.49,2,3,2,232,Regular
7403,522,1,1078.62,2,3,1,231,Regular
7416,499,1,24533.86,2,3,4,234,En riesgo
7436,10,2,33146.509999999995,4,4,4,444,VIP
7437,679,1,16909.36,1,3,3,133,En riesgo
7441,349,1,21233.58,2,3,4,234,En riesgo
7443,623,1,586.81,1,3,1,131,Regular
7444,271,1,1427.69,3,3,1,331,Regular
7445,407,1,19434.35,2,3,3,233,En riesgo
7447,275,1,5381.72,3,3,2,332,Regular
7450,670,1,2029.66,1,3,1,131,Regular
7451,356,2,5805.14,2,4,2,242,Regular
7458,424,1,8971.573,2,3,2,232,Regular
7467,720,1,9984.72,1,3,3,133,En riesgo
7468,471,1,7039.45,2,3,2,232,Regular
7470,102,1,22866.62,4,3,4,434,VIP
7472,564,1,12794.72,1,3,3,133,En riesgo
7473,22,2,22589.832,4,4,4,444,VIP
7474,547,1,229.37,1,3,1,131,Regular
7476,93,1,16970.77,4,3,3,433,VIP
7479,579,1,18664.41,1,3,3,133,En riesgo
7485,580,1,24284.09,1,3,4,134,En riesgo
7496,192,1,19440.04,3,3,3,333,Regular
7499,290,1,32771.59,3,3,4,334,Regular
7506,486,1,1566.18,2,3,1,231,Regular
7521,247,1,28520.2,3,3,4,334,Regular
7542,20,1,1750.58,4,3,1,431,Regular
7543,44,1,36493.106,4,3,4,434,VIP
7553,3,1,24792.391,4,3,4,434,VIP
7558,37,1,23382.736,4,3,4,434,VIP
7563,611,1,2201.36,1,3,1,131,Regular
7566,156,2,8228.55,4,4,2,442,Regular
7571,219,1,85.72,3,3,1,331,Regular
7581,433,1,1858.766,2,3,1,231,Regular
7582,699,1,3261.24,1,3,1,131,Regular
7587,590,1,5811.78,1,3,2,132,Regular
7589,296,1,34064.37,3,3,4,334,Regular
7590,370,2,17059.03,2,4,3,243,En riesgo
7597,230,1,10568.8,3,3,3,333,Regular
7598,210,1,2734.64,3,3,1,331,Regular
7601,356,1,6815.36,2,3,2,232,Regular
7606,397,1,17673.344,2,3,3,233,En riesgo
7609,67,1,27496.586000000003,4,3,4,434,VIP
7613,172,1,1033.7,3,3,1,331,Regular
7614,639,1,3827.95,1,3,2,132,Regular
7618,435,1,11141.988,2,3,3,233,En riesgo
7627,544,1,4883.94,1,3,2,132,Regular
7629,454,1,4993.833,2,3,2,232,Regular
7637,335,1,3022.86,2,3,1,231,Regular
7647,82,2,10874.192000000001,4,4,3,443,VIP
7651,704,2,13509.6,1,4,3,143,En riesgo
7652,84,1,2963.727,4,3,1,431,Regular
7654,382,1,3152.8900000000003,2,3,1,231,Regular
7658,4,1,15356.081000000002,4,3,3,433,VIP
7659,34,3,33954.477,4,4,4,444,VIP
7661,378,1,1704.339,2,3,1,231,Regular
7668,463,1,15490.86,2,3,3,233,En riesgo
7669,677,1,225.04,1,3,1,131,Regular
7671,401,1,26490.113,2,3,4,234,En riesgo
7673,181,1,10772.3,3,3,3,333,Regular
7679,386,1,39014.209,2,3,4,234,En riesgo
7704,251,1,3179.45,3,3,1,331,Regular
7707,76,2,36319.148,4,4,4,444,VIP
7713,595,1,30590.19,1,3,4,134,En riesgo
7716,28,1,21287.747000000003,4,3,4,434,VIP
7723,365,1,18854.0,2,3,3,233,En riesgo
7724,290,2,10912.28,3,4,3,343,Regular
7728,246,1,25949.12,3,3,4,334,Regular
7731,301,1,4474.09,3,3,2,332,Regular
7734,692,1,22038.51,1,3,4,134,En riesgo
7739,160,1,22446.33,3,3,4,334,Regular
7740,685,1,3895.96,1,3,2,132,Regular
7755,12,1,25458.329,4,3,4,434,VIP
7767,6,1,25014.223,4,3,4,434,VIP
7800,165,1,52.24,3,3,1,331,Regular
7810,19,1,1645.163,4,3,1,431,Regular
7811,47,1,19766.981000000003,4,3,3,433,VIP
7817,173,1,17626.22,3,3,3,333,Regular
7818,168,1,2117.4,3,3,1,331,Regular
7820,237,1,1553.03,3,3,1,331,Regular
7827,340,1,10916.56,2,3,3,233,En riesgo
7828,339,1,6818.14,2,3,2,232,Regular
7832,152,1,10652.8,4,3,3,433,VIP
7833,41,1,13171.223,4,3,3,433,VIP
7834,312,1,19589.68,3,3,3,333,Regular
7841,184,1,15024.8,3,3,3,333,Regular
7848,59,1,4025.736,4,3,2,432,Regular
7850,172,1,4040.35,3,3,2,332,Regular
7851,144,1,14051.99,4,3,3,433,VIP
7856,385,1,314.782,2,3,1,231,Regular
7860,388,1,37676.314,2,3,4,234,En riesgo
7869,15,1,50061.752,4,3,4,434,VIP
7881,315,1,3709.14,3,3,1,331,Regular
7900,280,1,12843.94,3,3,3,333,Regular
7903,397,1,9391.707,2,3,2,232,Regular
7905,585,1,33539.14,1,3,4,134,En riesgo
7926,399,1,5514.444,2,3,2,232,Regular
7936,140,1,39.9,4,3,1,431,Regular
7940,464,2,15496.83,2,4,3,243,En riesgo
7947,496,1,12339.21,2,3,3,233,En riesgo
7953,545,1,6716.18,1,3,2,132,Regular
7954,262,1,12017.14,3,3,3,333,Regular
7956,510,1,2182.97,2,3,1,231,Regular
7957,730,1,41301.41,1,3,4,134,En riesgo
7958,526,1,38511.79,1,3,4,134,En riesgo
7966,704,1,147.92,1,3,1,131,Regular
7967,504,1,6499.99,2,3,2,232,Regular
7989,320,1,32696.84,3,3,4,334,Regular
7991,603,1,28373.28,1,3,4,134,En riesgo
7995,418,1,39947.921,2,3,4,234,En riesgo
7997,352,1,6903.86,2,3,2,232,Regular
8008,596,1,11642.04,1,3,3,133,En riesgo
8011,352,1,582.32,2,3,1,231,Regular
8014,592,1,3307.14,1,3,1,131,Regular
8015,6,1,10756.031,4,3,3,433,VIP
8017,149,1,10778.52,4,3,3,433,VIP
8020,175,2,8250.210000000001,3,4,2,342,Regular
8025,347,1,2218.02,2,3,1,231,Regular
8026,141,1,7268.41,4,3,2,432,Regular
8028,371,1,918.32,2,3,1,231,Regular
8034,185,1,31286.48,3,3,4,334,Regular
8040,689,1,22199.51,1,3,4,134,En riesgo
8054,361,2,10875.994,2,4,3,243,En riesgo
8057,227,1,26554.9,3,3,4,334,Regular
8058,98,1,4704.4,4,3,2,432,Regular
8066,412,1,6466.356,2,3,2,232,Regular
8068,543,1,4860.88,1,3,2,132,Regular
8069,716,1,6909.76,1,3,2,132,Regular
8077,470,1,9228.7,2,3,2,232,Regular
8082,86,2,15258.821,4,4,3,443,VIP
8087,663,1,10067.21,1,3,3,133,En riesgo
8089,335,1,5766.11,2,3,2,232,Regular
8098,590,1,3997.31,1,3,2,132,Regular
8101,337,2,22195.843,2,4,4,244,En riesgo
8103,514,1,9254.68,2,3,2,232,Regular
8108,349,1,11687.15,2,3,3,233,En riesgo
8110,547,1,17658.58,1,3,3,133,En riesgo
8115,615,1,10052.13,1,3,3,133,En riesgo
8116,433,1,4241.731,2,3,2,232,Regular
8120,300,1,22465.21,3,3,4,334,Regular
8121,290,2,24022.23,3,4,4,344,Regular
8123,662,1,21365.88,1,3,4,134,En riesgo
8127,98,1,24816.58,4,3,4,434,VIP
8141,157,2,56043.077999999994,4,4,4,444,VIP
8142,338,1,5838.7,2,3,2,232,Regular
8144,566,1,1171.01,1,3,1,131,Regular
8145,457,1,1384.747,2,3,1,231,Regular
8146,159,1,1029.86,3,3,1,331,Regular
8149,724,1,19484.95,1,3,3,133,En riesgo
8154,236,1,16657.1,3,3,3,333,Regular
8157,596,1,3952.72,1,3,2,132,Regular
8159,556,1,22552.12,1,3,4,134,En riesgo
8160,140,1,20201.44,4,3,4,434,VIP
8165,189,1,2216.09,3,3,1,331,Regular
8166,83,1,24953.578,4,3,4,434,VIP
8167,483,1,9106.62,2,3,2,232,Regular
8169,599,1,24569.28,1,3,4,134,En riesgo
8177,156,1,10949.29,4,3,3,433,VIP
8179,547,1,715.84,1,3,1,131,Regular
8180,714,1,21547.32,1,3,4,134,En riesgo
8181,348,1,38053.75,2,3,4,234,En riesgo
8192,613,1,39660.57,1,3,4,134,En riesgo
8197,454,1,6568.536000000001,2,3,2,232,Regular
8199,695,1,8481.75,1,3,2,132,Regular
8203,135,2,14174.15,4,4,3,443,VIP
8210,434,1,911.235,2,3,1,231,Regular
8211,528,1,11333.55,1,3,3,133,En riesgo
8222,673,1,6426.0,1,3,2,132,Regular
8225,38,1,4881.240000000001,4,3,2,432,Regular
8234,99,1,5354.48,4,3,2,432,Regular
8250,602,1,2754.98,1,3,1,131,Regular
8252,594,1,16663.28,1,3,3,133,En riesgo
8259,268,1,820.24,3,3,1,331,Regular
8263,333,1,1105.2,2,3,1,231,Regular
8264,640,1,39833.44,1,3,4,134,En riesgo
8275,216,1,3154.46,3,3,1,331,Regular
8276,724,1,3194.04,1,3,1,131,Regular
8284,371,1,2377.115,2,3,1,231,Regular
8296,288,1,977.81,3,3,1,331,Regular
8300,66,1,28770.924,4,3,4,434,VIP
8310,170,1,10000.72,3,3,3,333,Regular
8316,499,1,1612.48,2,3,1,231,Regular
8319,272,1,22143.06,3,3,4,334,Regular
8322,258,1,1482.62,3,3,1,331,Regular
8323,586,1,9245.66,1,3,2,132,Regular
8324,614,1,7494.87,1,3,2,132,Regular
8334,399,1,38120.251,2,3,4,234,En riesgo
8342,125,1,28262.62,4,3,4,434,VIP
8343,416,1,16136.471,2,3,3,233,En riesgo
8345,235,1,11455.74,3,3,3,333,Regular
8349,154,2,43408.79,4,4,4,444,VIP
8350,519,1,4047.67,2,3,2,232,Regular
8351,247,1,2368.42,3,3,1,331,Regular
8361,85,1,8787.519,4,3,2,432,Regular
8366,86,1,6184.061000000001,4,3,2,432,Regular
8374,105,1,2003.92,4,3,1,431,Regular
8383,378,1,4026.581,2,3,2,232,Regular
8385,573,1,5793.86,1,3,2,132,Regular
8387,456,1,1128.79,2,3,1,231,Regular
8389,284,1,1841.31,3,3,1,331,Regular
8392,86,1,2293.954,4,3,1,431,Regular
8393,564,1,10331.19,1,3,3,133,En riesgo
8398,186,2,23768.32,3,4,4,344,Regular
8399,613,1,3299.67,1,3,1,131,Regular
8400,313,1,3559.11,3,3,1,331,Regular
8402,609,1,3204.2,1,3,1,131,Regular
8407,177,1,4936.18,3,3,2,332,Regular
8409,423,1,4113.512,2,3,2,232,Regular
8411,682,1,7332.5,1,3,2,132,Regular
8413,153,1,26158.52,4,3,4,434,VIP
8418,654,1,3621.83,1,3,1,131,Regular
8426,299,1,19811.95,3,3,3,333,Regular
8429,660,1,5753.92,1,3,2,132,Regular
8430,710,1,1388.52,1,3,1,131,Regular
8434,183,1,9450.81,3,3,2,332,Regular
8437,351,1,17503.49,2,3,3,233,En riesgo
8443,254,1,1584.23,3,3,1,331,Regular
8446,521,1,6058.48,2,3,2,232,Regular
8457,683,1,9726.27,1,3,3,133,En riesgo
8459,103,1,6756.24,4,3,2,432,Regular
8464,458,1,10652.577,2,3,3,233,En riesgo
8476,157,1,39427.42,4,3,4,434,VIP
8478,289,1,3821.99,3,3,2,332,Regular
8485,535,1,7651.27,1,3,2,132,Regular
8490,528,1,10274.62,1,3,3,133,En riesgo
8494,653,1,5709.53,1,3,2,132,Regular
8504,136,1,9018.97,4,3,2,432,Regular
8512,123,2,23172.2,4,4,4,444,VIP
8518,589,1,13068.1,1,3,3,133,En riesgo
8524,191,1,17480.14,3,3,3,333,Regular
8527,536,1,2439.53,1,3,1,131,Regular
8530,671,1,8372.81,1,3,2,132,Regular
8531,266,1,2411.77,3,3,1,331,Regular
8532,156,1,2904.82,4,3,1,431,Regular
8550,386,1,3766.581,2,3,1,231,Regular
8559,170,1,4060.37,3,3,2,332,Regular
8564,35,1,20116.85,4,3,4,434,VIP
8572,543,1,9910.17,1,3,3,133,En riesgo
8575,495,1,2436.71,2,3,1,231,Regular
8580,302,1,7215.98,3,3,2,332,Regular
8583,258,1,1481.92,3,4,1,341,Regular
8588,518,1,8633.26,2,4,2,242,Regular
8593,36,1,6775.912,4,4,2,442,Regular
8595,636,2,29050.83,1,4,4,144,En riesgo
8599,439,1,26214.11,2,4,4,244,En riesgo
8614,9,1,28069.86,4,4,4,444,VIP
8616,355,1,29309.76,2,4,4,244,En riesgo
8617,176,1,9490.24,3,4,2,342,Regular
8618,259,1,4304.73,3,4,2,342,Regular
8619,436,1,918.008,2,4,1,241,Regular
8625,510,1,1059.21,2,4,1,241,Regular
8626,285,1,4573.04,3,4,2,342,Regular
8630,224,1,6246.38,3,4,2,342,Regular
8638,247,2,6256.42,3,4,2,342,Regular
8643,504,1,4612.03,2,4,2,242,Regular
8648,443,1,24760.944000000003,2,4,4,244,En riesgo
8660,281,1,23985.48,3,4,4,344,Regular
8662,127,1,28249.37,4,4,4,444,VIP
8673,319,1,22400.39,3,4,4,344,Regular
8677,118,1,1732.39,4,4,1,441,Regular
8679,274,1,35024.21,3,4,4,344,Regular
8680,331,1,696.81,3,4,1,341,Regular
8681,540,1,39766.45,1,4,4,144,En riesgo
8683,629,1,15047.94,1,4,3,143,En riesgo
8687,390,1,1174.524,2,4,1,241,Regular
8693,256,1,3799.13,3,4,1,341,Regular
8694,452,1,28561.858,2,4,4,244,En riesgo
8695,168,1,10103.92,3,4,3,343,Regular
8699,232,1,34500.14,3,4,4,344,Regular
8700,280,1,4219.16,3,4,2,342,Regular
8705,308,1,15734.51,3,4,3,343,Regular
8707,116,2,22758.48,4,4,4,444,VIP
8711,474,1,10094.55,2,4,3,243,En riesgo
8735,126,1,6777.43,4,4,2,442,Regular
8740,218,1,5391.45,3,4,2,342,Regular
8741,585,1,1929.59,1,4,1,141,Regular
8744,632,1,4541.84,1,4,2,142,Regular
8749,675,1,12360.31,1,4,3,143,En riesgo
8765,601,1,7845.17,1,4,2,142,Regular
8772,331,1,9960.71,3,4,3,343,Regular
8775,509,1,5604.87,2,4,2,242,Regular
8776,284,1,5911.38,3,4,2,342,Regular
8777,440,1,12211.329,2,4,3,243,En riesgo
8789,349,1,243.53,2,4,1,241,Regular
8796,387,2,10673.125000000002,2,4,3,243,En riesgo
8797,362,1,16362.26,2,4,3,243,En riesgo
8803,167,1,3850.51,3,4,2,342,Regular
8804,556,2,10340.529999999999,1,4,3,143,En riesgo
8807,591,1,4668.76,1,4,2,142,Regular
8810,72,1,26838.578,4,4,4,444,VIP
8815,287,1,6385.71,3,4,2,342,Regular
8820,148,1,2104.49,4,4,1,441,Regular
8824,455,1,12581.712,2,4,3,243,En riesgo
8831,566,1,15913.71,1,4,3,143,En riesgo
8837,131,2,6723.8,4,4,2,442,Regular
8845,428,1,12806.521,2,4,3,243,En riesgo
8846,342,1,19944.9,2,4,4,244,En riesgo
8852,358,1,24452.64,2,4,4,244,En riesgo
8862,399,1,3197.0380000000005,2,4,1,241,Regular
8868,554,2,11343.77,1,4,3,143,En riesgo
8873,378,1,9145.123,2,4,2,242,Regular
8883,476,1,10701.78,2,4,3,243,En riesgo
8890,690,1,19232.1,1,4,3,143,En riesgo
8892,487,1,5994.97,2,4,2,242,Regular
8894,694,1,5915.76,1,4,2,142,Regular
8899,13,2,2754.49,4,4,1,441,Regular
8902,314,1,12901.32,3,4,3,343,Regular
8914,679,1,132.74,1,4,1,141,Regular
8915,50,1,10211.032,4,4,3,443,VIP
8920,630,1,27328.42,1,4,4,144,En riesgo
8928,585,1,2920.38,1,4,1,141,Regular
8931,150,2,11594.789999999999,4,4,3,443,VIP
8933,211,1,4568.37,3,4,2,342,Regular
8943,671,1,2372.8,1,4,1,141,Regular
8959,368,1,2756.598,2,4,1,241,Regular
8960,468,1,16808.72,2,4,3,243,En riesgo
8962,658,1,25258.97,1,4,4,144,En riesgo
8973,83,1,39021.489,4,4,4,444,VIP
8975,107,2,52290.27,4,4,4,444,VIP
8980,184,1,13960.07,3,4,3,343,Regular
8983,56,1,1631.448,4,4,1,441,Regular
8987,51,1,5454.761,4,4,2,442,Regular
8996,145,1,9968.32,4,4,3,443,VIP
9000,366,1,31040.06,2,4,4,244,En riesgo
9001,236,1,23182.57,3,4,4,344,Regular
9011,283,1,31420.96,3,4,4,344,Regular
9012,51,1,691.639,4,4,1,441,Regular
9014,316,1,17131.24,3,4,3,343,Regular
9026,642,1,13217.8,1,4,3,143,En riesgo
9031,42,1,24958.323,4,4,4,444,VIP
9032,550,1,2086.19,1,4,1,141,Regular
9043,340,1,19922.34,2,4,4,244,En riesgo
9046,587,1,22232.01,1,4,4,144,En riesgo
9053,204,2,12694.310000000001,3,4,3,343,Regular
9066,5,2,51923.11,4,4,4,444,VIP
9067,614,1,13835.4,1,4,3,143,En riesgo
9070,329,1,18571.48,3,4,3,343,Regular
9081,74,1,4492.488,4,4,2,442,Regular
9083,67,1,2534.688,4,4,1,441,Regular
9089,442,1,7505.225,2,4,2,242,Regular
9095,184,1,37163.06,3,4,4,344,Regular
9098,697,1,6432.04,1,4,2,142,Regular
9102,717,1,617.76,1,4,1,141,Regular
9107,236,3,35985.043,3,4,4,344,Regular
9109,231,1,28758.26,3,4,4,344,Regular
9110,234,1,5637.11,3,4,2,342,Regular
9112,443,1,5451.0560000000005,2,4,2,242,Regular
9116,441,1,21402.472,2,4,4,244,En riesgo
9117,408,1,2318.68,2,4,1,241,Regular
9122,257,1,191.49,3,4,1,341,Regular
9123,493,1,1226.27,2,4,1,241,Regular
9125,16,2,28923.216,4,4,4,444,VIP
9126,33,1,42273.036,4,4,4,444,VIP
9128,623,1,4292.01,1,4,2,142,Regular
9129,83,1,4125.095,4,4,2,442,Regular
9138,303,1,22675.15,3,4,4,344,Regular
9142,24,1,2711.5140000000006,4,4,1,441,Regular
9152,251,1,17479.79,3,4,3,343,Regular
9163,565,1,14112.01,1,4,3,143,En riesgo
9166,307,1,2714.34,3,4,1,341,Regular
9167,142,1,7157.19,4,4,2,442,Regular
9168,45,1,2173.8210000000004,4,4,1,441,Regular
9172,113,1,46793.78,4,4,4,444,VIP
9177,646,1,6745.33,1,4,2,142,Regular
9182,54,1,10084.672,4,4,3,443,VIP
9191,150,1,7801.88,4,4,2,442,Regular
9199,331,1,23115.23,3,4,4,344,Regular
9201,411,1,7794.019999999999,2,4,2,242,Regular
9215,480,1,22957.48,2,4,4,244,En riesgo
9220,680,1,8813.2,1,4,2,142,Regular
9221,446,1,44138.874,2,4,4,244,En riesgo
9222,625,1,2498.7,1,4,1,141,Regular
9239,180,1,1214.71,3,4,1,341,Regular
9250,39,1,13147.68,4,4,3,443,VIP
9258,251,1,314.3,3,4,1,341,Regular
9260,168,1,6595.89,3,4,2,342,Regular
9261,348,1,6338.48,2,4,2,242,Regular
9262,164,1,8987.57,3,4,2,342,Regular
9273,442,1,1892.917,2,4,1,241,Regular
9275,614,1,9306.65,1,4,2,142,Regular
9276,268,1,1635.76,3,4,1,341,Regular
9277,231,1,5327.66,3,4,2,342,Regular
9284,31,1,1579.0970000000002,4,4,1,441,Regular
9291,426,2,8584.597,2,4,2,242,Regular
9294,367,1,3238.183,2,4,1,241,Regular
9296,51,1,17794.075,4,4,3,443,VIP
9302,595,1,2714.63,1,4,1,141,Regular
9303,37,1,8668.335000000001,4,4,2,442,Regular
9306,145,1,2948.56,4,4,1,441,Regular
9308,60,2,34751.564,4,4,4,444,VIP
9313,475,1,20747.76,2,4,4,244,En riesgo
9315,414,1,1353.105,2,4,1,241,Regular
9323,572,1,14496.11,1,4,3,143,En riesgo
9327,397,1,816.3610000000001,2,4,1,241,Regular
9330,105,1,9015.59,4,4,2,442,Regular
9338,181,1,18221.65,3,4,3,343,Regular
9339,410,2,16570.204999999998,2,4,3,243,En riesgo
9342,549,1,10176.16,1,4,3,143,En riesgo
9347,724,1,13819.72,1,4,3,143,En riesgo
9350,470,1,2988.22,2,4,1,241,Regular
9352,442,1,6615.4400000000005,2,4,2,242,Regular
9359,426,1,14061.398,2,4,3,243,En riesgo
9360,577,1,12189.15,1,4,3,143,En riesgo
9366,599,1,5242.31,1,4,2,142,Regular
9367,670,1,346.5,1,4,1,141,Regular
9368,418,1,4474.2880000000005,2,4,2,242,Regular
9382,78,1,2426.034,4,4,1,441,Regular
9388,609,1,2783.5,1,4,1,141,Regular
9389,21,1,15953.535000000002,4,4,3,443,VIP
9395,28,1,5017.493,4,4,2,442,Regular
9405,279,1,6987.82,3,4,2,342,Regular
9411,217,1,19872.22,3,4,3,343,Regular
9414,354,1,7088.79,2,4,2,242,Regular
9417,646,1,19131.7,1,4,3,143,En riesgo
9420,128,1,35651.4,4,4,4,444,VIP
9424,482,1,15731.16,2,4,3,243,En riesgo
9430,387,1,3801.746,2,4,2,242,Regular
9432,621,2,26641.14,1,4,4,144,En riesgo
9433,572,1,12360.64,1,4,3,143,En riesgo
9437,109,1,1410.36,4,4,1,441,Regular
9445,449,1,39716.352,2,4,4,244,En riesgo
9456,202,1,339.29,3,4,1,341,Regular
9461,481,1,4816.61,2,4,2,242,Regular
9462,78,1,7918.105,4,4,2,442,Regular
9464,102,1,31593.67,4,4,4,444,VIP
9468,100,1,26109.92,4,4,4,444,VIP
9469,242,2,5020.04,3,4,2,342,Regular
9479,185,1,3854.86,3,4,2,342,Regular
9486,442,1,7198.958,2,4,2,242,Regular
9490,59,1,4363.177,4,4,2,442,Regular
9491,121,1,7414.82,4,4,2,442,Regular
9493,546,1,28631.18,1,4,4,144,En riesgo
9495,161,1,11205.67,3,4,3,343,Regular
9496,700,1,24018.17,1,4,4,144,En riesgo
9499,51,2,24471.517,4,4,4,444,VIP
9506,481,1,23733.04,2,4,4,244,En riesgo
9508,433,1,4757.337,2,4,2,242,Regular
9520,100,1,9178.31,4,4,2,442,Regular
9523,56,1,632.073,4,4,1,441,Regular
9530,440,1,8720.439,2,4,2,242,Regular
9535,464,1,28116.21,2,4,4,244,En riesgo
9541,617,1,4901.54,1,4,2,142,Regular
9546,612,1,3190.84,1,4,1,141,Regular
9548,179,1,819.58,3,4,1,341,Regular
9551,463,1,1158.24,2,4,1,241,Regular
9556,544,1,29837.19,1,4,4,144,En riesgo
9558,180,2,51664.78,3,4,4,344,Regular
9564,85,1,463.788,4,4,1,441,Regular
9565,325,1,7410.45,3,4,2,342,Regular
9568,164,1,15337.08,3,4,3,343,Regular
9572,662,1,8451.88,1,4,2,142,Regular
9573,680,1,8754.72,1,4,2,142,Regular
9580,406,1,17004.936,2,4,3,243,En riesgo
9581,185,1,686.2,3,4,1,341,Regular
9583,494,1,15452.79,2,4,3,243,En riesgo
9585,49,1,9493.003,4,4,2,442,Regular
9586,630,1,3325.92,1,4,1,141,Regular
9590,396,2,48418.891,2,4,4,244,En riesgo
9593,724,1,28284.27,1,4,4,144,En riesgo
9594,316,1,17731.28,3,4,3,343,Regular
9612,363,1,40701.59,2,4,4,244,En riesgo
9614,256,1,1793.99,3,4,1,341,Regular
9626,309,1,11972.6,3,4,3,343,Regular
9631,203,2,17319.05,3,4,3,343,Regular
9632,180,1,10758.25,3,4,3,343,Regular
9633,178,1,8329.1,3,4,2,342,Regular
9644,341,3,35191.066000000006,2,4,4,244,En riesgo
9656,66,1,1395.745,4,4,1,441,Regular
9657,322,1,16070.82,3,4,3,343,Regular
9669,332,1,26802.9,3,4,4,344,Regular
9675,4,1,15187.029,4,4,3,443,VIP
9684,92,1,22470.409,4,4,4,444,VIP
9685,594,1,13528.43,1,4,3,143,En riesgo
9689,129,1,6668.55,4,4,2,442,Regular
9698,639,1,21769.07,1,4,4,144,En riesgo
9699,203,1,292.09,3,4,1,341,Regular
9700,533,1,5856.19,1,4,2,142,Regular
9707,220,3,21952.05,3,4,4,344,Regular
9709,27,2,14677.058,4,4,3,443,VIP
9715,715,1,8095.47,1,4,2,142,Regular
9717,444,1,6841.874,2,4,2,242,Regular
9724,266,1,8445.38,3,4,2,342,Regular
9727,125,2,16815.54,4,4,3,443,VIP
9728,653,1,12421.4,1,4,3,143,En riesgo
9734,89,1,6899.139,4,4,2,442,Regular
9737,46,2,9842.32,4,4,3,443,VIP
9741,645,1,13460.76,1,4,3,143,En riesgo
9748,628,1,753.93,1,4,1,141,Regular
9752,336,1,15085.0,2,4,3,243,En riesgo
9753,560,1,14212.62,1,4,3,143,En riesgo
9754,725,1,5020.22,1,4,2,142,Regular
9758,442,1,304.30400000000003,2,4,1,241,Regular
9766,48,2,20628.174,4,4,4,444,VIP
9770,22,1,3806.296,4,4,2,442,Regular
9772,41,1,16537.131,4,4,3,443,VIP
9773,679,1,2219.88,1,4,1,141,Regular
9775,66,1,31341.362000000005,4,4,4,444,VIP
9783,527,1,13832.15,1,4,3,143,En riesgo
9790,701,1,19188.23,1,4,3,143,En riesgo
9792,411,1,1963.143,2,4,1,241,Regular
9794,473,1,14423.83,2,4,3,243,En riesgo
9799,2,1,16292.094,4,4,3,443,VIP
9805,350,1,18001.87,2,4,3,243,En riesgo
9808,705,1,7441.8,1,4,2,142,Regular
9814,294,1,11843.98,3,4,3,343,Regular
9816,570,1,30515.67,1,4,4,144,En riesgo
9817,238,1,23758.07,3,4,4,344,Regular
9818,525,1,33405.49,2,4,4,244,En riesgo
9820,4,1,191.828,4,4,1,441,Regular
9822,602,1,7286.91,1,4,2,142,Regular
9825,355,1,3690.96,2,4,1,241,Regular
9830,258,1,13357.77,3,4,3,343,Regular
9833,197,1,30430.92,3,4,4,344,Regular
9849,39,1,1192.087,4,4,1,441,Regular
9852,328,1,12413.3,3,4,3,343,Regular
9878,15,1,25655.006,4,4,4,444,VIP
9883,168,1,12321.05,3,4,3,343,Regular
9893,70,1,13799.721,4,4,3,443,VIP
9898,231,1,8249.25,3,4,2,342,Regular
9899,169,1,10693.36,3,4,3,343,Regular
9913,7,1,2985.5670000000005,4,4,1,441,Regular
9916,13,1,10607.467,4,4,3,443,VIP
9921,598,1,5208.75,1,4,2,142,Regular
9934,279,1,3270.43,3,4,1,341,Regular
9945,377,1,12391.6,2,4,3,243,En riesgo
9948,148,1,3009.8,4,4,1,441,Regular
9949,355,2,18954.492,2,4,3,243,En riesgo
9951,406,1,865.384,2,4,1,241,Regular
9954,607,1,21372.75,1,4,4,144,En riesgo
9961,653,1,7051.34,1,4,2,142,Regular
9962,16,1,32506.097,4,4,4,444,VIP
9964,546,1,17557.61,1,4,3,143,En riesgo
9967,56,1,1747.746,4,4,1,441,Regular
9973,569,1,5236.03,1,4,2,142,Regular
9977,544,1,4678.43,1,4,2,142,Regular
9985,58,1,11638.406,4,4,3,443,VIP
9988,526,1,3867.73,1,4,2,142,Regular
9990,177,1,15941.64,3,4,3,343,Regular
